stazione,idStazione,idRegione
ABANO TERME,S05700,Veneto
ABBADIA LARIANA,S01416,Lombardia
ABBASANTA,S12873,Sardegna
ABBIATE GUAZZONE,N00018,Lombardia
ABBIATEGRASSO,S01062,Lombardia
ACATE,S12409,Sicilia
ACCIANO,S07423,Abruzzo
ACERRA,S09215,Campania
ACIREALE,S12328,Sicilia
ACQUA ACETOSA,S08715,Lazio
ACQUAFREDDA,S11722,Basilicata
ACQUAMELA,S09798,Campania
ACQUANEGRA CREMONESE,S01913,Lombardia
ACQUAPPESA,S11736,Calabria
ACQUAVIVA,S12209,Sicilia
ACQUAVIVA DELLE FONTI,S11504,Puglia
ACQUEDOLCI-S.FRATELLO,S12026,Sicilia
ACQUI TERME,S00867,Piemonte
ACRI BISIGNANO LUZZI,S11907,Calabria
ADRIA,S05420,Veneto
AFRICO NUOVO,S11872,Calabria
AGLIANO CASTELNUOVO CALCEA,S00804,Piemonte
AGRIGENTO BASSA,S12213,Sicilia
AGRIGENTO CENTRALE,S12216,Sicilia
AGROPOLI CASTELLABATE,S11705,Campania
AIELLI,S08550,
AIRASCA,S00514,Piemonte
AIROLE,S04481,Liguria
AIRUNO,S01515,Lombardia
ALA,S02049,Trentino Alto Adige
ALANNO,S07708,Abruzzo
ALANO FENER VALDOBBIADENE,S02566,Veneto
ALASSIO,S04515,Liguria
ALBA,S00825,Piemonte
ALBA ADRIATICA NERETO CONTR.,S07800,Abruzzo
ALBACINA,S07207,Marche
ALBAIRATE VERMEZZO,S01059,
ALBANO DI LUCANIA,S11453,Basilicata
ALBANO LAZIALE,S08704,Lazio
ALBANO S.ALESSANDRO,S01534,Lombardia
ALBANOVA,S09004,Campania
ALBAREDO,S02538,Veneto
ALBATE CAMERLATA,S01310,Lombardia
ALBATE-TRECALLO,S01450,Lombardia
ALBENGA,S04516,Liguria
ALBERESE,S08001,Toscana
ALBERGO,S06067,
ALBINIA,S08003,Toscana
ALBISOLA,S04529,Liguria
ALBIZZATE SOLBIATE ARNO,S01209,Lombardia
ALBONESE,S00033,Lombardia
ALBUZZANO,S01863,Lombardia
ALCAMO DIRAMAZIONE,S12150,Sicilia
ALCANTARA,S12320,Sicilia
ALESSANDRIA,S00470,Piemonte
ALFEDENA-SCONTRONE,S08908,Abruzzo
ALFONSINE,S05808,Emilia Romagna
ALICE BELCOLLE,S00809,Piemonte
ALIFE,S09020,
ALI` TERME,S12310,Sicilia
ALLERONA-CASTEL VISCARDO,S08202,Umbria
ALPIGNANO,S00216,Piemonte
ALTAMURA,S11307,Puglia
ALTARE,S04810,Liguria
ALTAVILLA IRPINA,S09511,Campania
ALTAVILLA M.,S12011,Sicilia
ALTAVILLA TAVERNELLE,S02444,Veneto
ALTOPASCIO,S06407,Toscana
ALVIANO,S08206,Umbria
ALVIGNNO,S09023,
AMANTEA,S11744,Calabria
AMBIVERE MAPELLO,S01527,Lombardia
AMENDOLA,S11051,Puglia
AMENDOLARA ORIOLO,S11807,Calabria
AMOROSI MELIZZANO,S09306,Campania
ANAGNI-FIUGGI,S08658,Lazio
ANCONA,S07113,Marche
ANCONA MARITTIMA,S07116,Marche
ANCONA STADIO,S07114,
ANCONA TORRETTE,S07015,Marche
ANCONETTA,S02141,Veneto
ANDORA,S04513,Liguria
ANFITEATRO,S09031,
ANGRI,S09812,Campania
ANGUILLARA,S08318,Lazio
ANNA',S11870,
ANNONE VENETO,S02769,Veneto
ANTIGNANO,S06727,Toscana
ANTRODOCO BORGO VELINO,S07408,Lazio
ANTRODOCO CENTRO,S07435,Lazio
ANVERSA-VILLALAGO-SCANNO,S08537,Abruzzo
ANZANO DEL PARCO,S01453,Lombardia
ANZIO,S08709,Lazio
ANZIO COLONIA,S08713,Lazio
ANZOLA,S05386,
AOSTA,S00137,Valle d'Aosta
AOSTA ISTITUTO,S00143,Valle d'Aosta
AOSTA VIALE EUROPA,S00146,Valle d'Aosta
APICE S.ARCANGELO BONITO,S09314,Campania
APPIANO,S08328,Lazio
APRICENA,S11024,Puglia
APRILIA,S08705,Lazio
AQUILONIA,S09623,Campania
ARAGONA CALDARE,S12370,Sicilia
ARBIA,S06811,Toscana
ARCE,S08861,Lazio
ARCHI,S07992,
ARCISATE,S01203,Lombardia
ARCOLA,S06006,Liguria
ARCORE,S01510,Lombardia
ARDARA,S12817,Sardegna
ARDENNO MASINO,S01427,Lombardia
ARDORE,S11853,Calabria
ARENA PO,S01947,Lombardia
ARENZANO,S04533,Liguria
AREZZO,S06915,Toscana
AREZZO C.C.,S06086,
AREZZO PESCAIOLA,S06063,
ARGENTA,S05804,Emilia Romagna
ARIANO IRPINO,S09316,Campania
ARONA,S01020,Piemonte
AROSIO,S01092,
ARPAIA-AIROLA-S. AGATA DEI GOTI,S09017,
ARPINO,S08859,Lazio
ARQUATA SCRIVIA,S04207,Piemonte
ARQUA`,S05707,Veneto
ARSOLI,S08516,Lazio
ARTEGNA,S03021,Friuli-Venezia Giulia
ARTOGNE - GIANICO,N00219,
ARVIER,S00134,Valle d'Aosta
ASCEA,S11711,Campania
ASCIANO,S06813,Toscana
ASCIANO MONTE OLIVETO MAGGIORE,S06825,Toscana
ASCOLI PICENO,S07550,Marche
ASCOLI SATRIANO,S11203,Puglia
ASOLA,S01847,Lombardia
ASSEMINI,S12889,Sardegna
ASSISI,S07008,Umbria
ASSO,S01101,Lombardia
ASTI,S00462,Piemonte
ATELETA,S07998,
ATENA,S09904,Campania
ATTIGLIANO,S08207,Umbria
AUGUSTA,S12345,Sicilia
AULETTA,S09902,Campania
AULLA,S06168,Toscana
AULLA LUNIGIANA,S06013,Toscana
AURISINA,S03550,Friuli-Venezia Giulia
AVELLINO,S09514,Campania
AVERSA,S09006,Campania
AVEZZANO,S08526,Abruzzo
AVIANO,S03087,Friuli-Venezia Giulia
AVIGLIANA,S00214,Piemonte
AVIGLIANO LUCANIA,S11214,Basilicata
AVIO,S02050,Trentino Alto Adige
AVISE,S00133,Valle d'Aosta
AVOLA,S12426,Sicilia
BARI CENTRALE,S11119,Puglia
BOLOGNA C.LE,S05043,Emilia Romagna
BA POLICLINICO,S11499,
BACIANO,S06081,
BADEN,S03118,
BADIA POLESINE,S02370,Veneto
BADOLATO,S11841,Calabria
BAGHERIA,S12008,Sicilia
BAGNACAVALLO,S05902,Emilia Romagna
BAGNARA,S11770,Calabria
BAGNARIA ARSA,S03123,Friuli-Venezia Giulia
BAGNASCO,S00921,Piemonte
BAGNI DI LUCCA,S06308,Toscana
BAGNI DI TIVOLI,S08504,Lazio
BAGNOLI AGNANO TERME,S09102,Campania
BAGNOLI IRPINO,S09613,Campania
BAGNOLO MELLA,S01901,Lombardia
BAIANO DI SPOLETO,S07224,Umbria
BALANGERO,S00094,
BALATONFOELDVAR,S03418,
BALATONLELLE,S03459,
BALATONSZENTGYORGY,S03566,
BALDICHIERI,S00460,Piemonte
BALESTRATE,S12122,Sicilia
BALSORANO,S08856,Abruzzo
BALVANO R.,S09830,Basilicata
BALZOLA,S00178,Piemonte
BANDITO,S00732,Piemonte
BARAGIANO,S09832,Basilicata
BARANELLO,S09458,Molise
BARASSO - COMERIO,N00027,
BARBERINO VAL D`ELSA,S06806,
BARBIANELLO,S01932,Lombardia
BARBIANO,S05905,Emilia Romagna
BARBUSI,S12971,Sardegna
BARCELLONA,S12041,Sicilia
BARDONECCHIA,S00202,Piemonte
BARGA GALLICANO,S06303,Toscana
BARI PALESE MACCHIE,S11118,Puglia
BARI PARCO NORD,S11148,Puglia
BARI PARCO NORD FASCIO TARANTO,S11149,
BARI PARCO SUD,S11125,Puglia
BARI S. SPIRITO,S11116,Puglia
BARI S.ANDREA,S11513,Puglia
BARI S.GIORGIO,S11150,Puglia
BARI TORRE A MARE,S11126,Puglia
BARICETTA,S05419,Veneto
BARILE,S11208,Basilicata
BARLASSINA,S01926,
BARLETTA,S11108,Puglia
BARONISSI,S09520,Campania
BARRUCCANA,S01929,
BASCHI-MONTECCHIO,S08204,Umbria
BASILIANO,S02832,Friuli-Venezia Giulia
BASSANO DEL GRAPPA,S02520,Veneto
BASSANO IN TEVERINA,S08208,Umbria
BASSANO ROMANO,S08312,Lazio
BASTIA,S07007,Umbria
BASTIA MONDOVI`,S00908,Piemonte
BATTAGLIA TERME,S05702,Veneto
BATTIPAGLIA,S09823,Campania
BAULADU MILIS,S12875,Sardegna
BAVENO,S01015,Piemonte
BAZZANA,S00807,Piemonte
BEAULARD,S00203,Piemonte
BEFFI,S07422,Abruzzo
BEINETTE,S00901,Piemonte
BELGIOIOSO,S01864,Lombardia
BELGIRATE,S01017,Piemonte
BELLA MURO,S09831,Basilicata
BELLANO TARTAVELLE TERME,S01409,Lombardia
BELLANTE RIPATTONE,S07902,Abruzzo
BELLARIA,S05817,Emilia Romagna
BELLAVISTA,S11512,Puglia
BELLINZAGO,S00985,Piemonte
BELLINZONA,S00300,
BELLISIO SOLFARE,S07061,Marche
BELLUNO,S02559,Veneto
BELMONTE CALABRO,S11743,Calabria
BELVEDERE MARITTIMO,S11732,Calabria
BENEVENTO,S09311,Campania
BENEVENTO ACQUAFREDDA,S09472,
BENEVENTO APPIA,S09011,
BENEVENTO ARCO TRAIANO,S09530,Campania
BENEVENTO PORTA RUFINA,S09509,Campania
BENEVENTO RIONE LIBERTA',S09012,
BERCETO,S06158,Emilia Romagna
BERCHIDDA,S12859,Sardegna
BERGAMASCO,S00838,Piemonte
BERGAMO,S01529,Lombardia
BERNALDA,S11460,Basilicata
BESANA,S01488,Lombardia
BESNATE,S01145,Lombardia
BESOZZO,S01141,Lombardia
BEURA CARDEZZA,S01007,Piemonte
BEVERA,S04482,Liguria
BEVILACQUA,S02391,Veneto
BIAGIONI LAGACCI,S05119,Emilia Romagna
BIANCO,S11855,Calabria
BIANZE`,S00238,Piemonte
BIANZONE,S01438,Lombardia
BIASSONO-LESMO PARCO,S01483,Lombardia
BIBBIENA,S06076,
BIBBIENA CORSALONE,S06077,
BIBIANA,S00522,Piemonte
BICOCCA,S12338,Sicilia
BIELLA CHIAVAZZA,S00970,Piemonte
BIELLA S.PAOLO,S00070,Piemonte
BIFORCO,S06611,Toscana
BINARIO S.MARCO VECCHIO,S06950,Toscana
BISCEGLIE,S11113,Puglia
BISTAGNO,S00870,Piemonte
BISUSCHIO VIGGIU,S01202,Lombardia
BITETTO PALO DEL COLLE,S11501,Puglia
BIVIO D`AURISINA,S03313,Friuli-Venezia Giulia
BOARIO TERME,N00221,
BOCCIA AL MAURO,S09763,Campania
BOGLIASCO,S04709,Liguria
BOIANO,S09453,Molise
BOLGHERI,S06028,Toscana
BOLLATE CENTRO,S01071,
BOLLATE NORD,S01072,
BOLOGNA BORGO PANIGALE,S05100,Emilia Romagna
BOLOGNA C.LE/AV,S05046,Emilia Romagna
BOLOGNA CORTICELLA,S05725,Emilia Romagna
BOLOGNA FIERE,S05020,Emilia Romagna
BOLOGNA MAZZINI,S05140,Emilia Romagna
BOLOGNA RAVONE,S05042,Emilia Romagna
BOLOGNA S.RUFFILLO,S05130,Emilia Romagna
BOLOGNA SAN VITALE,S05081,
"BOLZANO ",S02026,Trentino Alto Adige
BOLZANO NOVARESE,S00014,Piemonte
"BOLZANO SUD ",S02226,Trentino Alto Adige
BOMBA TORRICELLA,S07993,
BONASSOLA,S04730,Liguria
BONDENO,S05165,
BONEFRO S.CROCE,S09464,Molise
BONFERRARO,S02383,Veneto
BONORVA,S12867,Sardegna
BORDIGHERA,S04503,Liguria
BORGARO,S00086,
BORGHETTO,S02051,Trentino Alto Adige
BORGHETTO PARMENSE,S06100,Emilia Romagna
BORGHETTO SANTO SPIRITO,S04518,Liguria
BORGIO VEREZZI,S04521,Liguria
BORGO,S09526,Campania
BORGO A BUGGIANO,S06410,Toscana
BORGO A MOZZANO,S06309,Toscana
BORGO FORNARI PER VOLTAGGIO,S04214,Liguria
BORGO LAVEZZARO,S00032,Piemonte
BORGO REVEL,S00171,Piemonte
BORGO S. GIOVANNI,N00202,
BORGO S. LORENZO,S06604,Toscana
BORGO S.L.RIMORELLI,S06704,Toscana
BORGO S.MARTINO,S00315,Piemonte
BORGO SAN DALMAZZO,S00613,Piemonte
BORGO TICINO,S00981,Piemonte
BORGO VAL DI TARO,S06161,Emilia Romagna
BORGO VALSUGANA CENTRO,S02313,Trentino Alto Adige
BORGO VALSUGANA EST,S02314,Trentino Alto Adige
BORGO VERCELLI,S00246,Piemonte
BORGOFORTE,S02338,Lombardia
BORGOFRANCO,S00152,Piemonte
BORGOLOMBARDO,S01830,Lombardia
BORGOMANERO,S00016,Piemonte
BORGONATO - ADRO,N00208,
BORGONE,S00210,Piemonte
BORGONUOVO,S05152,
BORGORATTO,S00860,Piemonte
BORGOSESIA,S00104,Piemonte
BORNATO - CALINO,N00207,
BORORE,S12872,Sardegna
BOSCHI S.ANNA,S02390,Veneto
BOSCO REDOLE,S09452,Molise
BOSCONERO,S00882,
BOSCOREALE,S09754,Campania
BOTRICELLO,S11829,Calabria
BOTTENICCHIO Z.I.,S03057,
BOVA MARINA,S11860,Calabria
BOVALINO,S11854,Calabria
BOVINO DELICETO,S09321,Puglia
BOVISO MASCIAGO - MOMBELLO,S01085,
BOVOLONE,S02363,Veneto
BOZZOLO,S01920,Lombardia
BRA,S00821,Piemonte
BRACCIANO,S08315,Lazio
BRAGNO,S04803,Liguria
BRANCALEONE,S11857,Calabria
BRANDIZZO,S00231,Piemonte
BREIL SUR ROYA,S00622,Piemonte
BRENNA-ALZATE,S01452,Lombardia
BRENNERO,S02001,Trentino Alto Adige
BRENO,N00226,
BRESCIA,S01717,Lombardia
BRESSANA ARGINE,S01930,Lombardia
BRESSANA BOTTARONE,S01805,Lombardia
BRESSANONE,S02014,Trentino Alto Adige
BRIATICO,S11757,Calabria
BRICHERASIO,S00521,Piemonte
BRINDISI,S11136,Puglia
BRINDISI DI MONTAGNA,S11451,Basilicata
BRINDISI MARITTIMA,S11137,Puglia
BRIONA,S00113,Piemonte
BRISIGHELLA,S06614,Emilia Romagna
BROLO FICARRA,S12031,Sicilia
BRONI,S01944,Lombardia
"BRONZOLO ",S02030,Trentino Alto Adige
BROZOLO,S00424,Piemonte
"BRUNICO ",S02107,Trentino Alto Adige
BRUNICO NORD,S02018,
BRUNO,S00837,Piemonte
BRUZOLO,S00209,Piemonte
BUCCINO S.,S09828,Campania
BUCINE,S06911,Toscana
BUDOIA POLCENIGO,S03088,Friuli-Venezia Giulia
BUGNARA,S08538,Abruzzo
BUONCONVENTO,S06874,Toscana
BUONFORNELLO,S12016,Sicilia
BURONZO,S00054,Piemonte
BUSALLA,S04215,Liguria
BUSCA,S00704,Piemonte
BUSCHE LENTIAI MEL,S02563,Veneto
BUSSETO,S01963,Emilia Romagna
BUSSI,S07704,Abruzzo
BUSSOLENO,S00208,Piemonte
BUSTO ARSIZIO,S01031,Lombardia
BUSTO ARSIZIO N.,S01137,
BUSTO ARSIZIO RFI,N00107,
BUTTAFAVA,S01482,Lombardia
BUTTAPIETRA,S05301,Veneto
BUTTRIO,S03029,Friuli-Venezia Giulia
Biv. Venezia,S05048,
CABIATE,S01088,
CADEO,S05006,Emilia Romagna
CADORAGO,N00038,
CAGLIARI,S12891,Sardegna
CAGLIARI ELMAS,S12890,Sardegna
CAIAZZO,S09025,
CAIRO MONTENOTTE,S00879,Liguria
CALA SABINA,S12851,Sardegna
CALALZO PIEVE CADORE CORTINA,S02550,Veneto
CALAMANDRANA,S00833,Piemonte
CALATABIANO,S12321,Sicilia
CALATAFIMI,S12151,Sicilia
CALBEZANO,S06080,
CALCERANICA,S02307,Trentino Alto Adige
CALCIANO,S11455,Basilicata
CALCIO,S01712,Lombardia
CALDE`,S01117,Lombardia
CALDIERO,S02437,Veneto
CALDONAZZO,S02308,Trentino Alto Adige
CALENZANO,S06417,Toscana
CALITRI PESCOPAGANO,S09620,Campania
CALLIANO,S02041,
CALOLZIOCORTE OLGINATE,S01524,Lombardia
CALOPEZZATI,S11815,Calabria
CALTAGIRONE,S12270,Sicilia
CALTANISSETTA CENTRALE,S12381,Sicilia
CALTANISSETTA XIRBI,S12380,Sicilia
CALTIGNAGA,S00020,Piemonte
CALUSCO,S01503,Lombardia
CALUSO,S00158,Piemonte
CALVISANO,S01843,Lombardia
CAMAIORE LIDO CAPEZZANO,S06043,Toscana
CAMBIANO,S06804,Toscana
CAMBIANO SANTENA,S00456,Piemonte
CAMERANO ASPIO,S07021,
CAMMARATA S.GIOVANNI GEMINI,S12207,Sicilia
CAMNAGO-LENTATE,S01316,Lombardia
CAMOGLI SAN FRUTTUOSO,S04716,Liguria
CAMPAGNA SERRE PERSANO,S09825,Campania
CAMPELLO,S07219,Umbria
CAMPIGLIA MARITTIMA,S06031,Toscana
CAMPO DI CARNE,S08706,Lazio
CAMPO DI GIOVE,S08903,Abruzzo
CAMPO DI GIOVE-MONTE MAIELLA,S08919,Abruzzo
CAMPO DI NUSCO,S09626,Campania
"CAMPO DI TRENS ",S02007,Trentino Alto Adige
CAMPOBASSO,S09459,Molise
CAMPOBELLO DI MAZARA,S12112,Sicilia
CAMPOBELLO RAVANUSA,S12385,Sicilia
CAMPODARSEGO,S02527,Veneto
CAMPOFELICE,S12017,Sicilia
CAMPOFRANCO,S12211,Sicilia
CAMPOLATTARO,S09505,Campania
CAMPOLEONE,S08602,Lazio
CAMPOLIETO MONACILIONI,S09462,Molise
CAMPOLIGURE MASONE,S04105,Liguria
CAMPOMAGGIORE,S11454,Basilicata
CAMPOMARINO,S11020,Molise
CAMPOMELA,S12815,Sardegna
CAMPOMIGLIAIO,S06659,Toscana
CAMPORA S.GIOV. SERRA AIELLO,S11745,Calabria
CAMPORE,S00889,
CAMPORGIANO,S06324,Toscana
CAMPOSAMPIERO,S02525,Veneto
CAMPOSANTO,S05314,Emilia Romagna
CAMUCIA CORTONA,S06921,Toscana
CANCELLI DI FABRIANO,S07232,
CANCELLIERA,S08735,Lazio
CANCELLO,S09213,Campania
CANCELLO ARNONE,S09002,Campania
CANDELA,S11204,Puglia
CANDELO,S00071,Piemonte
CANDIA CANAVESE,S00157,Piemonte
CANDIA LOMELLINA,S00333,Lombardia
CANDIDA,S11105,Puglia
CANDIOLO,S00512,Piemonte
CANDOGLIA ORNAVASSO,S01011,Piemonte
CANEGRATE,S01034,Lombardia
CANELLI,S00832,Piemonte
CANETRA,S07429,Lazio
CANICATTI`,S12375,Sicilia
CANIGA,S12812,Sardegna
CANISTRO,S08812,
CANNARA,S07009,Umbria
CANNE DELLA BATTAGLIA,S11406,Puglia
CANNETO SULL`OGLIO,S01848,Lombardia
CANOSA DI PUGLIA,S11402,Puglia
CANTALUPO DEL SANNIO,S09451,Molise
CANTU`,S01451,Lombardia
CANTU`- CERMENATE,S01313,Lombardia
CANZO,S01099,
CAORSO,S01970,Emilia Romagna
CAPACCIO ROCCADASPIDE,S11702,Campania
CAPACI,S12128,Sicilia
CAPALBIO,S08006,Toscana
CAPANNELLE,S08672,Lazio
CAPISTRELLO,S08850,Abruzzo
CAPO BONIFATI,S11734,Calabria
CAPO DI PONTE,N00229,
CAPO D`ORLANDO-NASO,S12030,Sicilia
CAPO SPARTIVENTO,S11858,Calabria
CAPOCROCE,S08804,
CAPODACQUA PIEVE FANONICA,S07215,Umbria
CAPOLONA,S06083,
CAPPELLE-MAGLIANO,S08525,Abruzzo
CAPRALBA,S01603,Lombardia
CAPRANICA,S08311,Lazio
CAPRAROLA,S08110,Lazio
CAPRIATI AL VOLTURNO,S09061,Molise
CAPRIOLO,S01622,Lombardia
CAPRIVA,S03301,Friuli-Venezia Giulia
CAPUA,S09208,Campania
CARATE-CALO`,S01486,Lombardia
CARAVAGGIO,S01602,Lombardia
CARBONA,S05120,Emilia Romagna
CARBONARA SCRIVIA,S04300,Piemonte
CARBONIA SERBARIU,S12818,Sardegna
CARBONIA STATO,S12972,
CARDILLO ZEN,S12140,Sicilia
CARENTINO,S00839,Piemonte
CARIATI,S11818,Calabria
CARIMATE,S01315,Lombardia
CARINI,S12127,Sicilia
CARINI TORRE CIACHEA,S12799,Sicilia
CARISIO,S00055,Piemonte
CARMAGNOLA,S00601,Piemonte
CARMIGNANO DI BRENTA,S02532,Veneto
CARNATE USMATE,S01511,Lombardia
CARNIA,S03016,Friuli-Venezia Giulia
CARONIA,S12025,Sicilia
CARONNO PERTUSELLA,S01076,
CAROVIGNO,S11133,Puglia
CAROVILLI-ROCCASICURA,S08914,Molise
CARPANE`VALSTAGNA,S02502,Veneto
CARPI,S02349,Emilia Romagna
CARPIGNANO SESIA,S00971,Piemonte
CARPINONE,S09050,Molise
CARRARA AVENZA,S06005,Toscana
CARRITO-ORTONA,S08533,Abruzzo
CARRUBA,S12326,Sicilia
CARRU` CLAVESANA,S00738,Piemonte
CARSOLI,S08519,Abruzzo
CARUGO - GIUSSANO,S01091,
CASABIANCA,S08730,Lazio
CASACALENDA GUARDIALFIERA,S09465,Molise
CASAL SABINI,S11309,Puglia
CASALBORDINO POLLUTRI,S07821,Abruzzo
CASALBUONO,S09910,Campania
CASALBUTTANO,S01609,Lombardia
CASALE MONFERRATO,S00314,Piemonte
CASALE POPOLO,S00179,Piemonte
CASALECCHIO DI RENO,S05101,Emilia Romagna
CASALECCHIO GARIBALDI,S05111,Emilia Romagna
CASALEGGIO,S00972,Piemonte
CASALETTO,S09922,
CASALETTO VAPRIO,S01604,Lombardia
CASALMAGGIORE,S01850,Lombardia
CASALNUOVO,S09216,Campania
CASALPUSTERLENGO,S01827,Lombardia
CASANOVA KAISERAU,S02059,
CASARSA,S02830,Friuli-Venezia Giulia
CASCINA,S06505,Toscana
CASELLE,S00087,
CASELLE AEROPORTO,S00088,
CASERTA,S09211,Campania
CASINO DI TERRA,S06751,Toscana
CASLETTO-ROGENO,S01457,Lombardia
CASLINO AL PIANO,N00037,
CASLINO D'ERBA,S01098,
CASOLI,S07991,
CASORATE SEMPIONE,S01029,Lombardia
CASORIA,S09009,Campania
CASSAGO-NIBIONNO-BULCIAGO,S01490,Lombardia
CASSANO ALL`IONIO,S11900,Calabria
CASSANO D`ADDA,S01707,Lombardia
CASSANO IRPINO,S09611,Campania
CASSINE,S00864,Piemonte
CASSINO,S08671,Lazio
CASSOLA,S02506,Veneto
CASTAGNARO,S02368,Veneto
CASTAGNETO CARDUCCI,S06029,Toscana
CASTAGNO,S05122,Toscana
CASTAGNOLE DELLE LANZE,S00828,Piemonte
CASTANO PRIMO,N00050,
CASTEGGIO,S01942,Lombardia
CASTEGNATO,N00204,
CASTEL BAGNOLO DI ORTE,S08114,Lazio
CASTEL DI SANGRO,S08910,Abruzzo
CASTEL D`ARIO,S02382,Lombardia
CASTEL FRENTANO,S07987,
CASTEL GANDOLFO,S08703,Lazio
CASTEL LAGOPESOLE,S11212,Basilicata
CASTEL MADAMA,S08510,Lazio
CASTEL S.ANGELO,S07407,Lazio
CASTEL S.GIORGIO ROCCAPIEMONTE,S09704,Campania
CASTEL S.GIOVANNI,S01948,Emilia Romagna
CASTEL S.PIETRO TERME,S05053,Emilia Romagna
CASTELBELLO,S02208,Trentino Alto Adige
CASTELBOLOGNESE,S05056,Emilia Romagna
CASTELBUONO,S12020,Sicilia
CASTELDACCIA,S12010,Sicilia
"CASTELDARNE ",S02105,Trentino Alto Adige
CASTELDEBOLE,S05102,Emilia Romagna
CASTELFERRETTI,S07200,Marche
CASTELFIORENTINO,S06802,Toscana
CASTELFRANCI,S09609,Campania
CASTELFRANCO D'EMILIA,S05037,Emilia Romagna
CASTELFRANCO IN MISCANO,S09323,
CASTELFRANCO VENETO,S02537,Veneto
CASTELGUELFO,S05012,Emilia Romagna
CASTELLALTO CANZANO,S07901,Abruzzo
CASTELLAMMARE DEL GOLFO,S12120,Sicilia
CASTELLAMMARE DI STABIA,S09756,Campania
CASTELLANETA,S11507,
CASTELLANETA MARINA,S11463,Puglia
CASTELLANZA,S01136,
CASTELLAZZO CASALCERMELLI,S04000,Piemonte
CASTELLEONE,S01606,Lombardia
CASTELLETTO BUSCA,S00720,Piemonte
CASTELLETTO TICINO,S01123,Piemonte
CASTELLINA CH,S06808,Toscana
CASTELLINA MARITTIMA,S06024,Toscana
CASTELLINO TANARO,S00741,Piemonte
CASTELLO DI GODEGO,S02507,Veneto
CASTELLO D`ANNONE,S00465,Piemonte
CASTELLUCCHIO,S01923,Lombardia
CASTELLUCCIO,S09920,
CASTELL`ALFERO,S00343,Piemonte
CASTELMAGGIORE,S05724,Emilia Romagna
CASTELNUOVO,S02093,Veneto
CASTELNUOVO BELBO,S00836,Piemonte
CASTELNUOVO BERARDENGA,S06812,Toscana
CASTELNUOVO DI GARFAGNANA,S06300,Toscana
CASTELPLANIO CUPRAMONTANA,S07204,Marche
CASTELRAIMONDO CAMERINO,S07302,Marche
CASTELROSSO,S00233,Piemonte
CASTELSPINA PORTANOVA,S04001,Piemonte
CASTELVECCHIO PASCOLI,S06302,Toscana
CASTELVETERE,S09608,Campania
CASTELVETRANO,S12113,Sicilia
CASTELVETRO,S01960,Emilia Romagna
CASTIGLION DEL LAGO,S06923,Umbria
CASTIGLION FIORENTINO,S06920,Toscana
CASTIGLIONCELLO,S06729,Toscana
CASTIGLIONE COSENTINO,S11909,Calabria
CASTIGLIONE DI SICILIA,S12362,Sicilia
CASTIGLIONE IN TEVERINA,S08205,Umbria
CASTIONE ANDEVENNO,S01429,Lombardia
CASTIONE DEI MARCHESI,S01964,Emilia Romagna
CASTRO-POFI,S08663,Lazio
CASTRONNO,S01208,Lombardia
CATANIA ACQUICELLA,S12337,Sicilia
CATANIA CENTRALE,S12332,Sicilia
CATANIA OGNINA,S12331,Sicilia
CATANZARO,S11956,Calabria
CATANZARO LIDO,S11833,Calabria
CATENANUOVA,S12244,Sicilia
CATTOLICA S.GIOVANNI GABICCE,S07102,Emilia Romagna
CAULONIA,S11846,Calabria
CAVA CARBONARA,S00279,Lombardia
CAVA DEI TIRRENI,S09816,Campania
CAVA MANARA,S01804,Lombardia
CAVA TIGOZZI,S01914,Lombardia
CAVAGNOLO BRUSASCO,S00423,Piemonte
CAVALLEGGERI AOSTA,S09113,Campania
CAVALLERMAGGIORE,S00603,Piemonte
CAVANELLA D`ADIGE,S05425,Veneto
CAVANELLA PO,S05422,Veneto
CAVARIA OGGIONA JERAGO,S01210,Lombardia
CAVAZZALE,S02147,Veneto
CAVI,S04724,Liguria
CAZZAGO S. MARTINO,N00238,
CA` DI BOSCHETTI,S06044,Liguria
CECCANO,S08664,Lazio
CECCHINA,S08732,Lazio
CECINA,S06026,Toscana
CEDEGOLO,N00231,
CEFALU`,S12019,Sicilia
CEGGIA,S02665,Veneto
CELANO-OVINDOLI,S08528,Abruzzo
CELLE,S04530,Liguria
CELLE BULGHERIA ROCCAGLORIOSA,S11716,Campania
CENGIO,S00745,Liguria
CENTALLO,S00608,Piemonte
CENTOLA,S11715,Campania
CEPRANO-FALVATERRA,S08666,Lazio
CERBERE,S78500,
CERCENASCO,S00541,Piemonte
CERCHIO,S08530,Abruzzo
CERCINA,S06956,Toscana
CERDA,S12200,Sicilia
CEREA,S02364,Veneto
CEREGNANO,S05417,Veneto
CERIALE,S04517,Liguria
CERIANO LAGHETTO SOLARO,N00248,
CERIGNOLA,S11103,Puglia
CERLANO LAGHETTO,S01934,
CERNUSCO-MERATE,S01513,Lombardia
CERRETO D`ESI,S07300,Marche
CERTALDO,S06803,Toscana
CERTOSA DI PAVIA,S01803,Lombardia
CERVARO,S11200,Puglia
CERVIA-MILANO MARITTIMA,S05814,Emilia Romagna
CERVIGNANO A.G.,S03207,Friuli-Venezia Giulia
CERVIGNASCO,S00546,Piemonte
CERVINARA,S09015,
CERVO SAN BARTOLOMEO,S04512,Liguria
CESANO BOSCONE,S01112,
CESANO DI ROMA,S08319,Lazio
CESANO MADERNO,S01086,
CESATE,S01075,
CESE,S09473,Campania
CESENA,S05066,Emilia Romagna
CESENATICO,S05815,Emilia Romagna
CETO - CERVENO,N00228,
CETRARO,S11735,Calabria
CEVA,S00742,Piemonte
CHAMBAVE,S00141,Valle d'Aosta
CHATILLON SAINT VINCENT,S00142,Valle d'Aosta
CHERASCO,S00733,Piemonte
CHIANCHE CEPPALONI,S09510,Campania
CHIARAVALLE,S07201,Marche
CHIARI,S01713,Lombardia
CHIARONE,S08007,Toscana
CHIASSO,S01301,Lombardia
CHIAVARI,S04722,Liguria
CHIAVENNA,S01400,Lombardia
CHIERI,S00500,Piemonte
CHIETI,S07712,Abruzzo
CHIEUTI SERRACAPRIOLA,S11021,Puglia
CHIGNOLO PO,S01868,Lombardia
CHIOGGIA,S05428,Veneto
CHIOMONTE,S00206,Piemonte
CHIRIALZA,S12899,Sardegna
CHIUDUNO,S01536,Lombardia
CHIURO,S01435,Lombardia
"CHIUSA ",S02017,Trentino Alto Adige
CHIUSANO COSSOMBRONE,S00429,Piemonte
CHIUSI C.T.,S06925,Toscana
CHIVASSO,S00232,Piemonte
CIAMPINO,S08650,Lazio
CIARDES,S02209,Trentino Alto Adige
CINISI TERRASINI,S12126,Sicilia
CIRE',S00090,
CIRELLA MAJERA`,S11730,Calabria
CIRO',S11820,Calabria
CISANO CAPRINO BERGAMASCO,S01525,Lombardia
CISLAGO,N00015,
CISMON DEL GRAPPA,S02500,Veneto
CISTERNA DI LATINA,S08603,Lazio
CISTERNINO,S11131,Puglia
CITERNA TARO,S06154,Emilia Romagna
CITTADELLA,S02535,Veneto
CITTADUCALE,S07406,Lazio
CITTA` DELLA PIEVE,S08200,Umbria
CITTIGLIO,N00032,
CIVATE,S01462,Lombardia
CIVIDALE,S03056,
CIVIDATE - MALEGNO,N00225,
CIVITA CASTELLANA,S08211,Lazio
CIVITA D`ANTINO-MORINO,S08853,Abruzzo
CIVITANOVA MARCHE,S07506,Marche
CIVITAVECCHIA,S08010,Lazio
CIVITAVECCHIA M.MA,S08012,Lazio
CIVITAVECCHIA VIALE DELLA VITTORIA,S08024,Lazio
CIVITELLA - BADIA AL PINO,S06066,
CIVITELLA PAGANICO,S06822,Toscana
CIVITELLA ROVETO,S08852,Abruzzo
CIXERRI,S12970,Sardegna
CLASSE,S05812,Emilia Romagna
COCCAGLIO,S01540,Lombardia
COCCONATO,S00425,Piemonte
COCQUIO - TREVISAGO,N00030,
COCULLO,S08534,Abruzzo
CODIGORO,S05799,
CODOGNO,S01828,Lombardia
CODOLA,S09703,Campania
CODROIPO,S02831,Friuli-Venezia Giulia
COGNO - ESINE,N00224,
COGOLETO,S04532,Liguria
COLDRANO-MARTELLO,S02206,Trentino Alto Adige
COLFELICE,S08820,
COLICO,S01420,Lombardia
COLLARMELE,S08548,
"COLLE ISARCO ",S02005,Trentino Alto Adige
COLLE MATTIA,S08651,Lazio
COLLE VAL D`ELSA,S06840,Toscana
COLLECCHIO,S06151,Emilia Romagna
COLLEDIMEZZO,S07994,
COLLEFERRO-SEGNI-PALIANO,S08657,Lazio
COLLEGNO,S00217,Piemonte
COLLESALVETTI,S06018,Toscana
COLLEVECCHIO,S08221,Lazio
COLLI DI MONTE BOVE,S08520,Abruzzo
COLMEGNA,S01111,
COLOGNE,S01539,Lombardia
COLONNA GALLERIA,S08653,
COLORNO,S01852,Emilia Romagna
COMIGNAGO,S00050,Piemonte
COMISO,S12411,Sicilia
COMO NORD BORGHI,N00043,
COMO NORD CAMERLATA,N00042,
COMO NORD LAGO,N00044,
COMO S. GIOVANNI,S01307,Lombardia
COMPIOBBI,S06902,Toscana
COMPRE S.VINCENZO,S08816,
CONA F. C.,S05169,
CONDOFURI,S11861,Calabria
CONDOVE,S00212,Piemonte
CONEGLIANO,S02706,Veneto
CONSELICE,S05950,Emilia Romagna
CONTEA LONDA,S06702,Toscana
CONTESSE,S12355,Sicilia
CONTIGLIANO,S07404,Lazio
CONTURSI TERME,S09826,Campania
CONZA ANDRETTA CAIRANO,S09618,
CORBETTA S. STEFANO,S01041,Lombardia
CORBEZZI,S05115,Toscana
CORCHIANO,S08112,Lazio
CORDOVADO SESTO,S02661,Friuli-Venezia Giulia
CORIGLIANO CALABRO,S11812,Calabria
CORMANO - BRUSUGLIO,N00058,
CORMANO - BRUSUGLIO,S01080,
CORMONS,S03300,Friuli-Venezia Giulia
CORNIGLIA,S04734,Liguria
CORNINO,S03053,Friuli-Venezia Giulia
CORNUDA,S02569,Veneto
CORONELLA,S05719,
CORRIDONIA MOGLIANO,S07308,Marche
CORSANO,S09324,Campania
CORSICO,S01064,Lombardia
CORTEOLONA,S01865,Lombardia
COSENZA,S11910,Calabria
COSIO TRAONA,S01424,Lombardia
COSSATO,S00973,Piemonte
COSTA,S02375,Veneto
COSTA MASNAGA,S01491,Lombardia
COSTIGLIOLE (MOTTA DI),S00348,Piemonte
COSTIGLIOLE D`ASTI,S00829,Piemonte
COSTIGLIOLE SALUZZO,S00702,Piemonte
COTIGNOLA,S05956,Emilia Romagna
COTILIA,S07432,Lazio
COURGNE',S00888,
COZZE,S11151,Puglia
COZZO,S00332,Lombardia
CREMA,S01605,Lombardia
CREMONA,S01915,Lombardia
CRESCENTINO,S00172,Piemonte
CRESPINO DEL LAMONE,S06607,
CRESSA FONTANETO,S00017,Piemonte
CREVALCORE,S05316,Emilia Romagna
CROCETTA,S07988,
CROCICCHIE,S08317,Lazio
CROPANI,S11830,Calabria
CROTONE,S11823,Calabria
CRUCOLI,S11819,Calabria
CUCCIAGO,S01312,Lombardia
CUNEO,S00610,Piemonte
CUNEO GESSO,S00611,Piemonte
CUNICO SCANDELUZZA,S00427,Piemonte
CUPONE,S08810,Abruzzo
CUPRAMARITTIMA,S07511,Marche
CUREGGIO,S00051,Piemonte
CURINGA,S11972,
CUSANO,S02700,Friuli-Venezia Giulia
CUTRO,S11826,Calabria
CUZZAGO,S01010,Piemonte
DARFO-CORNA,S01006,
DECIMOMANNU,S12888,Sardegna
DEGO,S00877,Liguria
DEIVA MARINA,S04728,Liguria
DELEBIO,S01422,Lombardia
DERBY,S00162,Valle d'Aosta
DERVIO,S01408,Lombardia
DESENZANO,S02084,Lombardia
DESIO,S01320,Lombardia
DIAMANTE BUONVICINO,S11731,Calabria
DIANO MARINA,S04511,Liguria
DICOMANO,S06701,Toscana
DIECIMO - PESCAGLIA,S06310,Toscana
DITTAINO,S12240,Sicilia
DIVACA,S44200,
"DOBBIACO ",S02113,Trentino Alto Adige
DOGATO,S05174,
DOLE VILLE,S71341,
DOLO,S02587,Veneto
DOMEGLIARA,S02055,Veneto
DOMODOSSOLA,S01003,Piemonte
DONNA,S04202,Piemonte
DONNAFUGATA,S12412,Sicilia
DONNAZ,S00148,Valle d'Aosta
DORIO,S01407,Lombardia
DORMELLETTO,S01025,Piemonte
DORMELLETTO PAESE,S00980,Piemonte
DOSSOBUONO,S02330,Veneto
DRAGONI,S09021,
DRONERO,S00722,Piemonte
DUBINO,S01405,Lombardia
DUEVILLE,S02146,Veneto
DUGO SELO,S72517,
DUOMO VIA VERNIERI,S09819,
Dev.Int. DD/AV,S08220,Lazio
EBOLI,S09824,Campania
ECA NASAGO`,S00926,Piemonte
ECCELLENTE,S11788,Calabria
EDOLO,N00235,
"EGNA-TERMENO ",S02032,Trentino Alto Adige
EGNAZIA,S11154,Puglia
ELLERA CORCIANO,S07003,Umbria
ELMAS AEROPORTO,S12819,
EMPOLI,S06510,Toscana
ENAS,S12856,Sardegna
ENNA,S12238,Sicilia
ENZITETO/CATINO,S11041,
EQUI TERME,S06226,Toscana
ERBA,S01096,
ERBANNO - ANGONE,N00222,
ESTE,S02396,Veneto
EXILLES,S00251,Piemonte
FIRENZE S.M.N.,S06421,Toscana
FABRIANO,S07208,Marche
FABRIANO CA` MAIANO,S07059,Marche
FABRICA DI ROMA,S08111,Lazio
FABRO-FICULLE,S08201,Umbria
FAENZA,S05058,Emilia Romagna
FAE`FORTOGNA,S02557,Veneto
FAGARE,S02762,Veneto
FAGNANO CAMPANA,S07420,Abruzzo
FALCIANO MONDRAGONE CAR.,S09001,Campania
FALCONARA,S12405,Sicilia
FALCONARA IBLEA,S12440,
FALCONARA MARITTIMA,S07111,Marche
FALCONARA STADIO,S07117,Marche
FALCONE,S12038,Sicilia
FALERNA,S11747,Calabria
FANNA - CAVASSO,S03083,Friuli-Venezia Giulia
FANO,S07105,Marche
FANZOLO,S02575,Veneto
FARA,S00112,Piemonte
FARA SABINA,S08214,Lazio
FARIGLIANO,S00737,Piemonte
FASANO,S11130,Puglia
FAUGLIA - LORENZANA,S06021,Toscana
FAVAZZINA,S11771,Calabria
FAVRIA,S00885,
FEDERICO,S12136,Sicilia
FELEGARA - S.ANDREA BAGNI,S06103,Emilia Romagna
FELETTO,S00883,
FELIZZANO,S00468,Piemonte
FELONICA PO,S05162,
FELTRE,S02564,Veneto
FERENTINO-SUPINO,S08661,Lazio
FERNO LONATE POZZOLO,S01138,
FEROLETO ANTICA PIANOPOLI,S11952,Calabria
FERRANDINA,S11458,Basilicata
FERRANIA,S04804,Liguria
FERRARA,S05712,Emilia Romagna
FERRARA ALEOTTI,S05167,
FERRARA P. RENO,S05168,
FERRERA LOMELLINA,S00404,Lombardia
FERRUZZANO,S11856,Calabria
FI ROVEZZANO,S06901,Toscana
FIDENE,S08235,Lazio
FIDENZA,S05009,Emilia Romagna
FIERA,S12137,Sicilia
FIESOLE CALDINE,S06953,Toscana
FIGLINE VALDARNO,S06908,Toscana
FILATTIERA,S06165,Toscana
FILDIDONNA,S12277,Sicilia
FILIANO,S11211,Basilicata
FINALE LIGURE MARINA,S04522,Liguria
FINO MORNASCO,N00039,
FIORENZUOLA,S05007,Emilia Romagna
FIRENZE CAMPO MARTE,S06900,Toscana
FIRENZE CASTELLO,S06419,Toscana
FIRENZE RIFREDI,S06420,Toscana
FIRENZE STATUTO,S06430,Toscana
FISCIANO,S09519,Campania
FIUMEFREDDO BRUZIO,S11741,Calabria
FIUMEFREDDO DI SICILIA,S12322,Sicilia
FIUMELATTE,S01412,Lombardia
FIUMETORTO,S12015,Sicilia
FIUMICINO AEROPORTO,S08411,Lazio
FIVIZZANO - GASSANO,S06223,Toscana
FIVIZZANO ROMETTA - SOLIERA,S06222,Toscana
FOGGIA,S11100,Puglia
FOGNANO,S06618,
FOLIGNO,S07217,Umbria
FOLLONICA,S06033,Toscana
FONDI - SPERLONGA,S08606,Lazio
FONTAN SAORGE,S00621,
FONTANA LIRI,S08818,
FONTANA LIRI INFERIORE,S08819,
FONTANAFREDDA,S02702,Friuli-Venezia Giulia
FONTANAROSA,S09199,
FONTANETTO PO,S00174,Piemonte
FONTANIVA,S02534,Veneto
FONTEBUONA,S06619,Toscana
FONTECCHIO,S07421,Abruzzo
FONYOD,S03491,
FORENZA,S11210,Basilicata
FORGARIA BAGNI ANDUINS,S03054,Friuli-Venezia Giulia
FORLIMPOPOLI,S05065,Emilia Romagna
FORLI`,S05059,Emilia Romagna
FORMIA-GAETA,S08640,Lazio
FORNACI DI BARGA,S06304,Toscana
FORNO ALLIONE,N00232,
FORNOVO,S06153,Emilia Romagna
FORTE DEI MARMI SERRAVEZZA Q.,S06011,Toscana
"FORTEZZA ",S02011,Trentino Alto Adige
FOSCIANDORA - CESERANA,S06301,Toscana
FOSSACESIA,S07819,Abruzzo
FOSSACESIA - TORINO DI SANGRO,S07018,Abruzzo
FOSSALTA DI PIAVE,S02667,Veneto
FOSSALTA DI PORTOGRUARO,S03201,Veneto
FOSSANO,S00606,Piemonte
FOSSATO DI VICO GUBBIO,S07209,Umbria
FRAGNETO MONFORTE,S09506,Campania
FRAMURA,S04729,Liguria
FRANCAVILLA,S12361,Sicilia
FRANCAVILLA AL MARE,S07813,Abruzzo
FRANCAVILLA ANGITOLA F.,S11752,Calabria
FRANCAVILLA FONTANA,S11603,Puglia
FRANCIA,S12139,Sicilia
FRANCIOSA,S09842,
FRASCATI,S08751,Lazio
FRASSO,S08806,
FRASSO T. DUGENTA,S09305,Campania
FRATTA,S02374,Veneto
FRATTAMAGGIORE,S09008,Campania
FRATTAROLO,S11053,Puglia
FRATTE,S09522,Campania
FRATTE CENTRO,S02524,Veneto
FRATTE VILLA COMUNALE,S09524,Campania
FROSINONE,S08662,Lazio
FRUGAROLO BOSCOMARENGO,S04200,Piemonte
FRUTIGEN,S07478,
FUNO CENTERGROSS,S05726,Emilia Romagna
FURCI,S12313,Sicilia
FUSCALDO,S11738,Calabria
GENOVA P.PRINCIPE,S04700,Liguria
GABELLA GRANDE,S11871,Calabria
GAGGI,S12358,Sicilia
GAGGIANO,S01063,Lombardia
GAGGIO,S02671,Veneto
GAGLIOLE,S07311,Marche
GAIBANELLA,S05800,Emilia Romagna
GAIFANA,S07212,Umbria
GALATI,S12305,Sicilia
GALDO,S09900,Campania
GALLARATE,S01030,Lombardia
GALLESE BASSANELLO,S08113,Lazio
GALLESE IN TEVERINA,S08210,Lazio
GALLIATE,N00054,
GALLIERA,S05721,Emilia Romagna
GALLIERA VENETA TOMBOLO,S02541,Veneto
GAMALERO,S00861,Piemonte
GAMBERALE-S.ANGELO P.,S07997,
GAMBETTOLA,S05067,Emilia Romagna
GAMBOLO`REMONDO`,S00274,Lombardia
GARBAGNA,S00030,Piemonte
GARESSIO,S00924,Piemonte
"GARGAZZONE ",S02218,
GARIBALDI,N00090,
GARLASCO,S00276,Lombardia
GATTEO A MARE,S05816,Emilia Romagna
GATTINARA,S00052,Piemonte
GAVIGNANO,S08241,
GAVIRATE,N00028,
GAVIRATE VERBANO,N00029,
GAVORRANO,S06036,Toscana
GAZZADA SCHIANNO MORAZZONE,S01207,Lombardia
GAZZO DI BIGARELLO,S02381,Lombardia
GAZZO PIEVE S. GIACOMO,S01917,Lombardia
GELA,S12407,Sicilia
GEMELLI,S08326,Lazio
GEMONA DEL FRIULI,S03019,Friuli-Venezia Giulia
GEMONIO,N00031,
GENGA S.VITTORE TERME,S07206,Marche
GENOVA ACQUASANTA,S04107,Liguria
GENOVA BOLZANETO,S04218,Liguria
GENOVA BORZOLI,S04109,Liguria
GENOVA BRIGNOLE,S04702,Liguria
GENOVA CORNIGLIANO,S04538,Liguria
GENOVA COSTA DI SESTRI PONENTE,S04110,Liguria
GENOVA GRANARA,S04108,Liguria
GENOVA MARITTIMA S. LIMBANIA,S04603,Liguria
GENOVA NERVI,S04707,Liguria
GENOVA P. PRINCIPE SOTTERRANEA,S04701,Liguria
GENOVA PEGLI,S04536,Liguria
GENOVA PONTEDECIMO,S04217,Liguria
GENOVA PRA,S04535,Liguria
GENOVA QUARTO DEI MILLE,S04704,Liguria
GENOVA QUINTO AL MARE,S04705,Liguria
GENOVA RIVAROLO,S04219,Liguria
GENOVA S.BIAGIO,S04222,Liguria
GENOVA SAMPIERDARENA,S04220,Liguria
GENOVA SAN QUIRICO,S04213,
GENOVA SESTRI PONENTE,S04537,Liguria
GENOVA STURLA,S04703,Liguria
GENOVA VESIMA,S04540,Liguria
GENOVA VIA DI FRANCIA,S04223,Liguria
GENOVA VOLTRI,S04534,Liguria
GENOVA VOLTRI MARE,S04541,
GERENZANO - TURATE,N00014,
GERMAGNANO,S00096,
GHEDI,S01841,Lombardia
GHEMME,S00110,Piemonte
GHISLARENGO,S00974,Piemonte
GHIVIZZANO - COREGLIA,S06306,Toscana
GIACHERY,S12138,Sicilia
GIAMPILIERI,S12308,Sicilia
GIAROLE,S00316,Piemonte
GIARRE RIPOSTO,S12324,Sicilia
GIAVE,S12866,Sardegna
GINOSA,S11462,Puglia
GIOIA DEL COLLE,S11505,Puglia
GIOIA TAURO,S11766,Calabria
GIOIOSA JONICA,S11848,Calabria
GIOJOSA MAREA,S12033,Sicilia
GIOVI,S06084,
GIOVINAZZO,S11115,Puglia
GIUBIASCO,S00850,
GIUGLIANO QUALIANO,S09100,Campania
GIULIANOVA,S07802,Abruzzo
GIUNCANO,S07225,Umbria
GIUNCARICO,S06037,Toscana
GIZZERIA LIDO,S11748,Calabria
GLORIE,S05809,Emilia Romagna
GODO,S05904,Emilia Romagna
GOLE DI ALCANTARA,S12366,Sicilia
GOLFO ARANCI,S12852,Sardegna
GONZAGA-REGGIOLO,S02344,Lombardia
GOPPESTEIN,S07474,
GORGO AL MONTICANO,S02766,Veneto
GORIANO SICOLI,S08535,Abruzzo
GORIZIA CENTRALE,S03304,Friuli-Venezia Giulia
GOZZANO,S00015,Piemonte
GRAGNANO,S09758,Campania
GRAGNOLA,S06224,Toscana
GRAMMICHELE,S12272,Sicilia
GRANAIOLO,S06801,Toscana
GRANAROLO,S05955,Emilia Romagna
GRANDATE - BRECCIA,N00041,
GRANITI,S12359,Sicilia
GRASSANO,S11456,Basilicata
GRAVELLONA TOCE,S00007,Piemonte
GRAVINA IN PUGLIA,S11306,Puglia
GRECCIO,S07403,Lazio
GRICIGNANO,S09300,Campania
GRIGNANO,S03315,Friuli-Venezia Giulia
GRIGNASCO,S00106,Piemonte
GRIGNO,S02317,Trentino Alto Adige
GRISIGNANO DI ZOCCO,S02579,Veneto
GRISOLIA S.MARIA,S11729,Calabria
GRIZZANA,S05133,Emilia Romagna
GROANE,S01927,
GROPELLO CAIROLI,S00277,Lombardia
GROSSETO,S06039,Toscana
GROTTAGLIE,S11602,Puglia
GROTTAMMARE,S07512,Marche
GROTTE,S12372,Sicilia
GROTTE S.STEFANO,S08301,Lazio
GRUMELLO DEL MONTE,S01537,Lombardia
GRUMO APPULA,S11502,Puglia
GUALDO TADINO,S07211,Umbria
GUARDAVALLE,S11843,Calabria
GUARDIA MANGANO SANTA VENERINA,S12327,Sicilia
GUARDIA PIEMONTESE TERME,S11737,Calabria
GUARDIAREGIA,S09456,Molise
GUIDONIA-MONTECELLO-S.ANGELO,S08506,Lazio
GYEKENYES,S00125,
HONE BARD,S00147,Valle d'Aosta
HORB,S29399,
IGEA MARINA,S05818,Emilia Romagna
IGLESIAS,S12950,Sardegna
IL CIONFO,S06958,
IL CIONFO BIN. LE CURE,S06957,Toscana
IL CIONFO BIN. SALVIATI,S06951,Toscana
IL NETO,S06424,Toscana
IMOLA,S05054,Emilia Romagna
IMPERIA ONEGLIA,S04510,Liguria
IMPERIA PORTO MAURIZIO,S04509,
INCISA,S06907,Toscana
INCISA SCAPACCINO,S00835,Piemonte
INCORONATA,S11101,Puglia
INDICATORE,S06914,Toscana
INDUNO OLONA,S01204,Lombardia
INVERIGO,S01093,
IPOGEO DEGLI OTTAVI,S08330,Lazio
ISELLE DI TRASQUERA,S01952,
ISEO,N00210,
ISERNIA,S09053,Molise
ISOLA CAPO RIZZUTO,S11825,Calabria
ISOLA DEL CANTONE,S04210,Liguria
ISOLA DELLA SCALA,S05307,Veneto
ISOLA DELLE FEMMINE,S12129,Sicilia
ISOLA D`ASTI,S00347,Piemonte
ISOLA LIRI,S08858,Lazio
ISOLETTA-S.GIOVANNI I.,S08665,Lazio
ISPICA,S12421,Sicilia
ISPRA,S01121,Lombardia
ISTRANA,S02539,Veneto
ITRI,S08607,Lazio
IVREA,S00154,Piemonte
JENBACH,S01176,
JESI,S07202,Marche
JOPPOLO,S11763,Calabria
KANDERSTEG,S07475,
KARLSRUHE HBF,S01800,
KNITTEFELD,S03612,
KOELN HBF,S02100,
KRIZEVCI,S73107,
LA BRIGUE,S00634,
LA FIORA,S08808,Lazio
LA GIUSTINIANA,S08321,Lazio
LA RUSTICA UIR,S08514,
LA SALLE,S00132,Valle d'Aosta
LA SPEZIA CENTRALE,S06000,Liguria
LA SPEZIA MIGLIARINA,S06004,Liguria
LA STORTA,S08320,Lazio
LABICO,S08654,
LABRO MOGGIO,S07427,Lazio
LACES,S02207,Trentino Alto Adige
LADISPOLI-CERVETERI,S08021,Lazio
LAGONEGRO,S09911,Basilicata
LAIGUEGLIA,S04514,Liguria
"LAIVES ",S02029,Trentino Alto Adige
LAMA,S05418,Veneto
LAMA DI RENO,S05121,Emilia Romagna
LAMBRINIA,S01869,Lombardia
LAMBRUGO - LURAGO D'ERBA,S01094,
LAMEZIA TERME CENTRALE,S11749,Calabria
LAMEZIA TERME NICASTRO,S11951,Calabria
LAMEZIA TERME SAMBIASE,S11950,Calabria
"LANA-POSTAL ",S02219,Trentino Alto Adige
LANCENIGO,S02710,Veneto
LANCETTI,N00092,
LANCIANO,S07986,
LANUVIO,S08733,Lazio
LANZARA FIMIANI,S09707,Campania
LANZO,S00095,
LAPIO,S09604,
LARINO,S09466,Molise
LASA,S02204,Trentino Alto Adige
LASCARI,S12018,Sicilia
LATERINA,S06912,Toscana
LATIANO,S11606,Puglia
LATINA,S08608,Lazio
LATISANA LIGNANO B.,S03202,Friuli-Venezia Giulia
LAURIANO,S00421,Piemonte
LAVAGNA,S04723,Liguria
LAVENO MOMBELLO,S01118,Lombardia
LAVEZZOLA,S05806,Emilia Romagna
LAVINO,S05041,Emilia Romagna
LAVIS,S02037,Trentino Alto Adige
LAVORATE,S09708,Campania
LE CAVE,S02009,
LE PIAGGE,S06516,Toscana
LECCE,S11145,Puglia
LECCO,S01520,Lombardia
LECCO MAGGIANICO,S01522,Lombardia
LEGGIUNO MONVALLE,S01120,Lombardia
LEGNAGO,S02366,Veneto
LEGNANO,S01033,Lombardia
LENDINARA,S02373,Veneto
LENTINI,S12341,Sicilia
LENTINI DIRAMAZIONE,S12340,Sicilia
LEONESSA,S11219,Basilicata
LEONFORTE-PIRATO,S12239,Sicilia
LERCARA BASSA,S12205,Sicilia
LERINO,S02578,Veneto
LESA,S01018,Piemonte
LESEGNO,S00954,Piemonte
LESMO,S01501,Lombardia
LETOJANNI,S12316,Sicilia
LEVADA,S02568,Veneto
LEVANTO,S04731,Liguria
LEVATA,S02019,
LEVICO,S02309,Trentino Alto Adige
LEZZA - CARPESINO,N00075,
LICATA,S12400,Sicilia
LIDO DI CLASSE-LIDO DI SAVIO,S05813,Emilia Romagna
LIDO DI LAVINIO,S08708,Lazio
LIDO DI TURBIGO,N00052,
LIERNA,S01413,Lombardia
LIMONE,S00617,Piemonte
LIONI,S09616,Campania
LIONI VALLE DELLE VITI,S09628,Campania
LISIDE,S11124,
LISIERA,S02530,Veneto
LISON,S02663,Veneto
LISSONE-MUGGIO`,S01321,Lombardia
LIVORNO CENTRALE,S06725,Toscana
LIVORNO FERRARIS,S00237,Piemonte
LOANO,S04519,Liguria
LOCATE TRIULZI,S01801,Lombardia
LOCATE V. - CARBONATE,N00017,
LOCRI,S11851,Calabria
LODI,S01825,Lombardia
LOMAZZO,N00036,
LOMELLO,S00405,Lombardia
LONATO,S02083,Lombardia
LONGARONE ZOLDO,S02556,Veneto
LONGOBARDI,S11742,Calabria
LONIGO,S02441,Veneto
LOREO,S05423,Veneto
LORETO,S07503,Marche
LUCCA,S06404,Toscana
LUCIGNANO - MARCIANO - POZZO,S06069,
LUGO,S05951,Emilia Romagna
LUINO,S01113,Lombardia
LUMIGNACCO,S03125,Friuli-Venezia Giulia
LUNGAVILLA,S01806,Lombardia
LUNGHEZZA,S08503,Lazio
LUNI,S06003,
LUOGOSANO,S09606,Campania
LUSERNA S. GIOVANNI,S00523,Piemonte
LYON ST EXUPERY,S76290,
L`AQUILA,S07414,Abruzzo
MILANO CENTRALE,S01700,Lombardia
MACCAGNO,S13653,
MACCARESE,S08020,Lazio
MACERATA,S07307,Marche
MACERATA FONTESCODELLA,S07313,Marche
MACHERIO SOVICO,S01500,Lombardia
MACHERIO-CANONICA,S01484,Lombardia
MACOMER,S12869,Sardegna
MADDALENE,S00607,Piemonte
MADDALONI INFERIORE,S09212,Campania
MADDALONI SUPERIORE,S09303,Campania
MADIGNANO,S01610,Lombardia
MADONNA DEL PIANO,S08108,Lazio
MADONNA DEL PILONE,S00820,Piemonte
MADONNA DELLA SCALA,S00501,Piemonte
MADONNA DELLE GRAZIE,S09773,
MADONNA DI CAMPAGNA,S00083,
MADONNA DI CASTRO,S12853,Sardegna
MAERNE DI MARTELLAGO,S02512,Veneto
MAGENTA,S01040,Lombardia
MAGIONE,S07002,Umbria
MAGLIANA,S08404,Lazio
MAGLIANO CRAVA MOROZZO,S00951,Piemonte
MAGNA GRECIA,S11042,
MAGNACAVALLO,S05159,
MAGRE`- CORTACCIA,S02033,Trentino Alto Adige
MAJANO,S03051,Friuli-Venezia Giulia
MALEO,S01910,Lombardia
MALLES VENOSTA,S02200,Trentino Alto Adige
MALNATE,N00023,
MALONNO,N00233,
MALPENSA,S01139,
MALTIGNANO DEL TRONTO,S07555,Marche
MANAROLA,S04735,Liguria
MANDATORICCIO CAMPANA,S11817,Calabria
MANDELA-SAMBUCI,S08512,Lazio
MANDELLO DEL LARIO,S01415,Lombardia
MANDOLOSSA,N00203,
MANDRAS,S12898,
MANERBIO,S01902,Lombardia
MANFREDONIA,S11054,Puglia
MANIAGO,S03084,Friuli-Venezia Giulia
MANOPPELLO,S07710,Abruzzo
MANTA,S00700,Piemonte
MANTOVA,S02336,Lombardia
MANTOVA FRASSINE,S02380,Lombardia
MANZANO,S03030,Friuli-Venezia Giulia
MANZIANA-CANALE MONTERANO,S08314,Lazio
MARANO,S02142,Veneto
MARANO TICINO,S00983,Piemonte
MARATEA,S11723,Basilicata
MARAUSA,S12104,Sicilia
MARCARIA,S01921,Lombardia
MARCELLINA VERBICARO ORSOMARSO,S11728,Calabria
MARCELLINA-PALOMBARA,S08507,Lazio
MARCELLINARA,S11953,Calabria
MARCIANISE,S09301,Campania
MARCONI,S11121,
MARCONIA,S11800,Basilicata
MARECHIARO,S08716,Lazio
MARGARITA,S00902,Piemonte
MARGHERITA DI SAV./OFANTINO,S11107,Puglia
MARIANO COMENSE,S01089,Lombardia
MARIANOPOLI,S12234,Sicilia
MARIGLIANO,S09750,Campania
MARINA DI CERVETERI,S08022,Lazio
MARINA DI MARATEA,S11724,Basilicata
MARINA DI SAN LORENZO,S11862,Calabria
MARINELLA,S12854,Sardegna
MARINO,S08701,Lazio
MARINO DEL TRONTO FOLIGNANO,S07556,Marche
MARLENGO,S02214,Trentino Alto Adige
MARMORE,S07401,Umbria
MARONE - ZONE,N00214,
MAROTTA MONDOLFO,S07107,Marche
MARRADI,S06610,Toscana
MARRUBIU TERRALBA ARBOREA,S12879,Sardegna
MARSALA,S12107,Sicilia
MARZABOTTO,S05105,Emilia Romagna
MARZAMEMI,S12444,Sicilia
MARZOCCA,S07109,Marche
MASCALI,S12323,Sicilia
MASCHIO,S04811,Liguria
MASI TORELLO,S05171,
MASSA CENTRO,S06009,Toscana
MASSAFISCAGLIA,S05179,
MASSAFRA,S11510,Puglia
MASSALOMBARDA,S05952,Emilia Romagna
MASSAROSA BOZZANO,S06350,Toscana
MATELICA,S07301,Marche
MATHI,S00093,
MATREI,S02263,
MATRICE MONTAGANO,S09461,Molise
MATTARELLO,S02040,
MAZARA DEL VALLO,S12110,Sicilia
MEDA,S01087,
MEDE,S00406,Lombardia
MEDESANO,S06102,Emilia Romagna
MEDUNO,S03082,Friuli-Venezia Giulia
MEINA,S01019,Piemonte
MELANO MARISCHIO,S07065,Marche
MELE,S04106,Liguria
MELEGNANO,S01822,Lombardia
MELFI,S11206,Basilicata
MELITO DI PORTO SALVO,S11863,Calabria
MELZO,S01705,Lombardia
MELZO SCALO,S02215,
MEMMENANO,S06075,
MENTON,S75648,
MEOLO,S02668,Veneto
MERANA,S00875,Piemonte
MERANO,S02216,Trentino Alto Adige
MERANO MAIA BASSA,S02217,Trentino Alto Adige
MERCATO SAN SEVERINO,S09706,Campania
MERCENASCO,S00156,Piemonte
MERGOZZO,S01012,Piemonte
MERONE,S01454,Lombardia
MESAGNE,S11607,Puglia
MESSINA CENTRALE,S12301,Sicilia
MESSINA MARITTIMA,S12300,Sicilia
MESTRINO,S02580,Veneto
METAPONTO,S11461,Basilicata
MEZZANI RONDANI,S01851,Emilia Romagna
MEZZANO,S05810,Emilia Romagna
MEZZOCORONA,S02035,Trentino Alto Adige
MI P.GAR.SOTT.,S01647,Lombardia
MI.P.GENOVA,S01631,Lombardia
MIGLIARINO,S05176,
MIGLIARO,S05178,
MIGNANEGO,S04212,Liguria
MIGNANO DI MONTE LUNGO,S09201,Campania
MILANO AFFORI,S01078,
MILANO BOVISA FNM,S01642,Lombardia
MILANO BRUZZANO,S01079,
MILANO CERTOSA,S01640,Lombardia
MILANO DATEO,S01650,Lombardia
MILANO FARINI,S01644,
MILANO GRECO PIRELLI,S01326,Lombardia
MILANO LAMBRATE,S01701,Lombardia
MILANO LANCETTI,S01643,Lombardia
MILANO NORD CADORNA,S01066,
MILANO NORD DOMODOSSOLA,S01067,
"MILANO NORD QUARTO OGGIARO ",S01069,
MILANO PORTA GARIBALDI,S01645,Lombardia
MILANO PORTA ROMANA,S01632,Lombardia
MILANO PORTA VITTORIA,S01633,Lombardia
MILANO REPUBBLICA,S01648,
MILANO ROGOREDO,S01820,Lombardia
MILANO ROMOLO,S01032,Lombardia
MILANO S. CRISTOFORO,S01630,Lombardia
MILANO VENEZIA,S01649,Lombardia
MILANO VILLAPIZZONE,S01639,
MILAZZO,S12042,Sicilia
MILETO,S11790,Calabria
MILITELLO,S12276,Sicilia
MIMMOLE,S06954,Toscana
MINEO,S12275,Sicilia
MINERVINO MURGE,S11403,Puglia
MINTURNO,S09150,Lazio
MINUCCIANO - PIEVE - CASOLA,S06227,Toscana
MIRA MIRANO,S02588,Veneto
MIRADOLO TERME,S01867,Lombardia
MIRAMARE,S03311,
MIRANDOLA,S05311,Emilia Romagna
MIRTO CROSIA,S11814,Calabria
MISANO ADRIATICO,S07119,Emilia Romagna
MODANE,S00201,
MODANE FX,S00190,
MODENA,S05032,Emilia Romagna
MODICA,S12417,Sicilia
MODUGNO,S11500,
MODUGNO CITTA`,S11515,Puglia
MOGLIANO VENETO,S02717,Veneto
MOIANA,S01456,Lombardia
MOIMACCO,S03058,
MOJO-ALCANTARA MALVAGNA,S12363,Sicilia
MOLA DI BARI,S11127,Puglia
MOLARE,S04102,Piemonte
MOLFETTA,S11114,Puglia
MOLINA CASTEL VECCHIO SUBAQUEO,S07424,Abruzzo
MOLINO DEL PALLONE,S05112,Emilia Romagna
MOLTENO,S01458,Lombardia
MOMBALDONE ROCCAVERANO,S00873,Piemonte
MOMBARUZZO,S00808,Piemonte
MOMO,S00019,Piemonte
MONASTERACE STILO,S11844,Calabria
MONASTERO PRATAVECCHI,S00721,Piemonte
MONCALIERI,S00453,Piemonte
MONCALIERI SANGONE,S00510,Piemonte
MONCALVO,S00340,Piemonte
MONCHIERO DOGLIANI,S00735,Piemonte
MONDOVI`,S00952,Piemonte
MONEGLIA,S04727,Liguria
MONFALCONE,S03310,Friuli-Venezia Giulia
MONGARDINO,S00801,Piemonte
MONGRASSANO CERVICATI,S11905,Calabria
MONGUELFO VALLE DI CASIES,S02111,Trentino Alto Adige
MONOPOLI,S11129,Puglia
MONSAMPOLO DEL TRONTO,S07553,Marche
MONSELICE,S05703,Veneto
MONTAGNANA,S02392,Veneto
MONTAGUTO PANNI,S09319,Campania
MONTALE AGLIANA,S06415,Toscana
MONTALLESE,S06856,Toscana
MONTALTO DI CASTRO,S08008,Lazio
MONTALTO DORA,S00153,Piemonte
MONTALTO ROSE,S11908,Calabria
MONTANARO,S00160,Piemonte
MONTE AMIATA,S06818,
MONTE ANTICO,S06820,Toscana
MONTE ARCAU,S12973,Sardegna
MONTE GIORDANO,S11805,Calabria
MONTE MELINO,S07014,Umbria
MONTE S. SAVINO,S06068,
MONTE S.BIAGIO,S08605,Lazio
MONTEBELLO,S02443,Veneto
MONTEBELLUNA,S02570,Veneto
MONTECALVO BUONALBERGO CASALB.,S09315,Campania
MONTECARLO SAN SALVATORE,S06408,Toscana
MONTECAROTTO CASTELBELLINO,S07203,Marche
MONTECATINI CENTRO,S06412,Toscana
MONTECATINI TERME,S06411,Toscana
MONTECHIARO DENICE,S00872,Piemonte
MONTECHIARO D`ASTI,S00428,Piemonte
MONTECORVINO,S09822,Campania
MONTECOSARO,S07310,Marche
MONTEFALCIONE,S09602,Campania
MONTEFIASCONE,S08303,Lazio
MONTEFREDANE,S09529,Campania
MONTEGROSSO,S00803,Piemonte
MONTEIASI,S11601,Puglia
MONTELLA,S09612,Campania
MONTELLO GORLAGO,S01535,Lombardia
MONTELUPO CAPRAIA,S06511,Toscana
MONTEMAGGIORE,S12203,Sicilia
MONTEMARANO,S09610,Campania
MONTEMARCIANO,S07110,Marche
MONTEMILETTO,S09603,Campania
MONTENERO PETACCIATO,S07825,Molise
MONTEPAONE - MONTAURO,S11836,Calabria
MONTEPESCALI,S06038,Toscana
MONTEPRANDONE,S07554,Marche
MONTEPULCIANO,S06855,Toscana
MONTEREALE VALCELLINA,S03085,Friuli-Venezia Giulia
MONTERODUNI,S09057,Molise
MONTERONI D`ARBIA,S06871,Toscana
MONTEROSSO,S04732,Liguria
MONTEROSSO MARCHE,S07062,Marche
MONTEROTONDO,S08215,Lazio
MONTESANO BUONABITACOLO,S09909,Campania
MONTESANTO,S05801,Emilia Romagna
MONTESILVANO,S07808,Abruzzo
MONTEU DA PO,S00422,Piemonte
MONTEVARCHI TERRANUOVA,S06910,Toscana
MONTEVERDE,S09624,Basilicata
MONTI TELTI,S12857,Sardegna
MONTICCHIO,S09622,Basilicata
MONTICELLI D`ONGINA,S01971,Emilia Romagna
MONTICELLO D`ALBA,S00823,Piemonte
MONTIGLIO MURISENGO,S00426,Piemonte
MONTIRONE,S01840,Lombardia
MONTJOVET,S00144,Valle d'Aosta
MONTORO FORINO,S09518,Campania
MONTORO SUPERIORE,S09517,Campania
MONTORSI,S09528,Campania
MONTORSOLI,S06601,Toscana
MONTREUX,S01235,
MONZA,S01322,Lombardia
MONZA SOBBORGHI,S01480,Lombardia
MONZONE-M.DEI BANCHI-ISOLANO,S06225,Toscana
MONZUNO,S05132,Emilia Romagna
MORANO SUL PO,S00177,Piemonte
MORBEGNO,S01425,Lombardia
MORCONE,S09503,Campania
MORENGO BARIANO,S01710,Lombardia
MORES ITTIREDDU,S12864,Sardegna
MORETTA,S00544,Piemonte
MORGEX,S00131,Valle d'Aosta
MORI,S02046,Trentino Alto Adige
MORNAGO CIMBRO,S01144,Lombardia
MOROLO,S08660,Lazio
MOROSOLO - CASCIAGO,N00026,
MORRA DE SANCTIS TEORA,S09617,Campania
MORREA-CASTRONOVO-RENDINARA,S08813,
MORROVALLE MONTE S.GIUSTO,S07309,Marche
MORTARA,S00034,Lombardia
MOSCIANO S. ANGELO,S07904,Abruzzo
MOSSA,S03302,Friuli-Venezia Giulia
MOTTA CAMASTRA,S12360,Sicilia
MOTTA DI LIVENZA,S02767,Veneto
MOTTA S. DAMIANO,S01862,Lombardia
MOTTA SAN GIOVANNI LAZZARO,S11865,Calabria
MOTTEGGIANA,S02339,Lombardia
MOZIA-BIRGI,S12105,Sicilia
MOZZATE,N00016,
MOZZECANE,S02332,Veneto
MULINETTI,S04713,Liguria
MURATELLA,S08400,Lazio
MURLO,S06876,Toscana
MUSEI,S12953,Sardegna
MUSIANO-PIAN DI MACINA,S05139,Emilia Romagna
MUSSOTTO,S00824,Piemonte
MUZZANA DEL TURGNANO,S03204,Friuli-Venezia Giulia
NAPOLI CENTRALE,S09218,Campania
NAGYKANIZSA,S03624,
NAPOLI CAMPI FLEGREI,S09103,Campania
NAPOLI GIANTURCO,S09110,Campania
NAPOLI MERGELLINA,S09105,Campania
NAPOLI MONTESANTO,S09107,Campania
NAPOLI PIAZZA GARIBALDI,S09109,Campania
NAPOLI PIAZZA LEOPARDI,S09104,Campania
NAPOLI S.GIOV.BARRA,S09800,Campania
NAPOLI SCALO MERCI,S09010,
NAPOLI TRACCIA,S09220,
NARNI AMELIA,S07230,Umbria
NARZOLE,S00734,Piemonte
NASISI,S11600,Puglia
NATURNO,S02211,Trentino Alto Adige
NAVACCHIO,S06502,Toscana
NEIVE,S00827,Piemonte
NERA MONTORO,S07229,Umbria
NETTUNO,S08710,Lazio
NIARDO - LOSINE,N00227,
NIBBIA,S00976,Piemonte
NICHELINO,S00511,Piemonte
NICORVO,S00273,Lombardia
NICOTERA,S11764,Calabria
NIELLA,S00739,Piemonte
NISCEMI,S12392,Sicilia
NIZZA DI SICILIA,S12311,Sicilia
NIZZA MONFERRATO,S00834,Piemonte
NOALE SCORZE`,S02510,Veneto
NOCERA INFERIORE,S09814,Campania
NOCERA INFERIORE MERCATO,S09709,Campania
NOCERA SUPERIORE,S09815,Campania
NOCERA TIRINESE,S11746,Calabria
NOCERA UMBRA,S07213,Umbria
NOCETO,S06101,Emilia Romagna
NOGARA,S05310,Veneto
NOLA,S09700,Campania
NOLA INTERPORTO,S09699,
NOLE,S00091,
NONE,S00513,Piemonte
NOTARESCO,S07903,Abruzzo
NOTO,S12424,Sicilia
NOTO BAGNI,S12446,
NOVA GORICA,S03303,
NOVA SIRI ROTONDELLA,S11803,Basilicata
NOVARA,S00248,Piemonte
NOVARA FERROVIA NORD MILANO,S00023,
NOVARA MONTALBANO FURNARI,S12039,Sicilia
NOVARA NORD,N00055,
NOVATE MILANESE,S01070,
NOVATE-MEZZOLA,S01403,Lombardia
NOVE,S02734,Veneto
NOVI LIGURE,S04203,Piemonte
NOZZANO,S06351,Toscana
NUCETTO,S00920,Piemonte
NUOVO SALARIO,S08231,Lazio
NUS,S00140,Valle d'Aosta
NUSCO,S09614,Campania
OCCHIOBELLO,S05710,Veneto
ODERZO,S02765,Veneto
OFFICINE G.R. SALINE JONICHE,S11968,
OFFIDA CASTEL DI LAMA,S07551,Marche
OGGIONO,S01460,Lombardia
OLBIA,S12855,Sardegna
OLBIA MARITTIMA ISOLA BIANCA,S12901,Sardegna
OLCENENGO,S00244,Piemonte
OLCIO,S01414,Lombardia
OLEGGIO,S00984,Piemonte
OLEVANO,S00036,Lombardia
OLGIATA,S08333,Lazio
OLGIATE-CALCO-BRIVIO,S01514,Lombardia
OLIVERI TINDARI,S12037,Sicilia
OLIVETTA SAN MICHELE,S04480,Liguria
OLMENETA,S01905,Lombardia
OLMI SPERCENIGO,S02760,Veneto
OLTEN,S01150,
OMEGNA,S00010,Piemonte
OMEGNA CRUSINALLO,S00008,Piemonte
OMIGNANO SALENTO,S11708,Campania
ORA,S02031,Trentino Alto Adige
ORBETELLO,S08004,Toscana
ORCIANO,S06022,Toscana
ORDONA,S11202,Puglia
ORIA,S11605,Puglia
ORICOLA-PERETO,S08518,Abruzzo
ORIO LITTA,S01870,Lombardia
ORIOLO,S08313,Lazio
ORIS,S02203,Trentino Alto Adige
ORISTANO,S12878,Sardegna
ORMEA,S00927,
ORNAVASSO,S00006,Piemonte
ORSA,S12121,Sicilia
ORSAGO,S02704,Veneto
ORSARA DI PUGLIA,S09320,Puglia
ORTA MIASINO,S00012,Piemonte
ORTANOVA,S11102,Puglia
ORTE,S08209,Lazio
ORTONA,S07815,Abruzzo
ORVIETO,S08203,Umbria
OSCHIRI,S12860,Sardegna
OSIMO CASTELFIDARDO,S07502,Marche
OSNAGO,S01512,Lombardia
OSPEDALETTO EUGANEO,S02395,Veneto
OSPEDALETTO LODIGIANO,S01871,Lombardia
OSPEDALICCHIO,S07012,Umbria
OSPITALE DI CADORE,S02554,Veneto
OSPITALETTO MANTOVANO,S01922,Lombardia
OSPITALETTO TRAVAGLIATO,S01716,Lombardia
OSTELLATO,S05175,
OSTERIA NUOVA,S05302,Emilia Romagna
OSTIA PARMENSE,S06160,Emilia Romagna
OSTIGLIA,S05304,Lombardia
OSTUNI,S11132,Puglia
OTTAVIA,S08324,
OTTAVIANO,S09751,Campania
OULX CESANA CLAVIERE SESTRIERE,S00204,Piemonte
OVADA,S04103,Piemonte
OVADA NORD,S04007,Piemonte
OVIGLIO,S00840,Piemonte
OZIERI CHILIVANI,S12862,Sardegna
OZIERI FRAIGAS,S12861,Sardegna
OZZANO DELL'EMILIA,S05055,Emilia Romagna
OZZANO MONFERRATO,S00337,Piemonte
OZZANO TARO,S06152,Emilia Romagna
PALERMO CENTRALE,S12002,Sicilia
P.C.CANARO,S05709,Veneto
P.M. BADESSE,S06826,Toscana
P.M. RENO,S05047,
P.M.TORRICCHIO,S09717,
P.M.VAT,S03032,Friuli-Venezia Giulia
PABILLONIS,S12881,Sardegna
PACE DEL MELA,S12045,Sicilia
PACECO,S12103,Sicilia
PACHINO,S12445,Sicilia
PADERNO,N00205,
PADERNO DUGNANO,S01082,
PADERNO ROBBIATE,S01502,Lombardia
PADIGLIONE,S08707,Lazio
PADOVA,S02581,Veneto
PADOVA CAMPO MARTE,S02650,
PADULA,S09908,Campania
PADULI,S09313,Campania
PAESE,S02540,Veneto
PAESE CASTAGNOLE,S02602,Veneto
PAESTUM,S11703,Campania
PAGANI,S09813,Campania
PAGANICA,S07416,Abruzzo
PALAGIANELLO,S11508,Puglia
PALAGIANO CHIATONA,S11464,Puglia
PALAGIANO MOTTOLA,S11509,Puglia
PALAGONIA,S12279,Sicilia
PALAZZO REALE-ORLEANS,S12130,Sicilia
PALAZZO S.GERVASIO - MONTEMIL.,S11303,Basilicata
PALAZZOLO,S01083,
PALAZZOLO DELLO STELLA,S03203,Friuli-Venezia Giulia
PALAZZOLO SULL`OGLIO,S01538,Lombardia
PALAZZOLO VERCELLESE,S00175,Piemonte
PALENA,S08904,Abruzzo
PALERMO BRANCACCIO,S12055,Sicilia
PALERMO NOTARBARTOLO,S12134,Sicilia
PALESTRO,S00271,Lombardia
PALIDANO,S02343,Lombardia
PALIZZI,S11859,Calabria
PALLANZENO,S00002,Piemonte
PALLERONE,S06220,Toscana
PALMA S.GENNARO,S09701,Campania
PALMANOVA,S03122,Friuli-Venezia Giulia
PALMI,S11769,Calabria
PALO LAZIALE,S08018,Lazio
PALOMBINA,S07112,Marche
PANICAGLIA,S06605,Toscana
PANTANELLA,S08699,
PANTIERE DI CASTELBELLINO,S07234,Marche
PAOLA,S11739,Calabria
PARABIAGO,S01035,Lombardia
PARATICO SARNICO,S01620,Lombardia
PARCO LEONARDO,S08412,Lazio
PARCO PRENESTINO,S08495,
PARCO PRENESTINO BIN. ESTERNI,S08498,
PARGHELIA,S11759,Calabria
PARMA,S05014,Emilia Romagna
PARONA LOMELLINA,S01060,Lombardia
PARTINICO,S12124,Sicilia
PASSIGNANO SUL TRASIMENO,S07001,Umbria
PASSIRANO,N00206,
PATERNOPOLI,S09607,Campania
PATTI-SAN PIERO PATTI,S12036,Sicilia
PAULILATINO,S12874,Sardegna
PAVIA,S01860,Lombardia
PAVIA PORTA GARIBALDI,S01861,Lombardia
PAVONA,S08731,Lazio
PEDASO,S07510,Marche
PEDEROBBA CAVASO POSSAGNO,S02567,Veneto
PEGOGNAGA,S05154,
PELLEZZANO,S09521,Campania
PENANGO,S00341,Piemonte
PERAROLO DI CADORE,S02553,Veneto
PERCA,S02060,
PERCIANTI ARIANELLO,S09627,
PERGINE,S02305,Trentino Alto Adige
PERGOLA,S07060,Marche
PERI,S02052,Veneto
PERPIGNAN,S78400,
PERTENGO,S00311,Piemonte
PERTOSA,S09921,
PERUGIA,S07004,Umbria
PERUGIA PONTE S.GIOVANNI,S07005,Umbria
PERUGIA SILVESTRINI,S07013,
PERUGIA UNIVERSITA',S07006,
PESARO,S07104,Marche
PESCANTINA,S02057,
PESCARA,S07810,Abruzzo
PESCARA PORTA NUOVA,S07811,Abruzzo
PESCARA S. MARCO,S07017,Abruzzo
PESCHIERA DEL GARDA,S02088,Veneto
PESCIA,S06409,Toscana
PESCINA,S08532,Abruzzo
PESCOCANALE,S08811,Abruzzo
PESCOLANCIANO-CHIAUCI,S08915,Molise
PESCOSANNITA FRAGNETO L`ABATE,S09507,Campania
PESSIONE,S00457,Piemonte
PETINA,S09901,Campania
PETROSINO STRASATTI,S12109,Sicilia
PETTENASCO,S00011,Piemonte
PETTORANO SUL GIZIO,S08901,Abruzzo
PIACENZA,S05000,Emilia Romagna
PIADENA,S01919,Lombardia
PIAN DEL MUGNONE,S06952,Toscana
PIAN DI BORNO,N00223,
PIAN DI VENOLA,S05114,Emilia Romagna
PIANA,S00876,Liguria
PIANA BELLA MONTELIBRETTI,S08222,Lazio
PIANA DEL SIGNORE,S12394,Sicilia
PIANA DI M.VERNA,S09026,
PIANCAMUNO - GRATACASOLO,N00218,
PIANEROTTOLO DI ARIANO,S09317,Campania
PIANFEI,S00903,Piemonte
PIANIBBIE,S07990,
PIANO D`ORTA BOLOGNANO,S07714,Abruzzo
PIANO ORIZZONTALE DEI GIOVI,S04216,Liguria
PIANORO,S05131,Emilia Romagna
PIANZANO,S02705,Veneto
PIAZZA AL SERCHIO,S06325,Toscana
PIAZZA AMEDEO,S09106,Campania
PIAZZA CAVOUR,S09108,Campania
PICERNO,S09833,Basilicata
PIEDIMONTE MATESE,S09999,
PIEDIMONTE-V.S.L.-AQUINO,S08680,
PIEDIMULERA,S00003,Piemonte
PIETRA LIGURE,S04520,Liguria
PIETRABISSARA,S04209,Liguria
PIETRAGALLA,S11213,Basilicata
PIETRAPAOLA,S11816,Calabria
PIETRARSA,S09801,Campania
PIETRASANTA,S06012,Toscana
PIETRELCINA,S09508,Campania
PIEVE ALBIGNOLA,S00402,Lombardia
PIEVE EMANUELE,S01104,
PIEVE LIGURE,S04711,Liguria
PIEVE VERGONTE,S00004,Piemonte
PIEVETTA,S00922,Piemonte
PIGNATARO MAGGIORE,S09207,Campania
PILZONE,N00211,
PINAROLO PO,S01931,Lombardia
PINEROLO,S00517,Piemonte
PINEROLO OLIMPICA,S00082,Piemonte
PINETO,S08334,Lazio
PINETO ATRI,S07806,Abruzzo
PINO CONFINE,S13966,
PINO T.,S01110,
PINZANO,S03055,Friuli-Venezia Giulia
PIOLTELLO LIMITO,S01703,Lombardia
PIOMBINO,S06770,Toscana
PIOMBINO BINARI MARE,S06775,Toscana
PIOMBINO DESE,S02509,Veneto
PIONA,S01406,Lombardia
PIOPPE DI SALVARO,S05106,Emilia Romagna
PIOVE DI SACCO,S02598,
PIRAINETO,S12125,Sicilia
PISA BINARI AEROPORTO,S06450,Toscana
PISA CENTRALE,S06500,Toscana
PISA SAN ROSSORE,S06501,Toscana
PISCINA DI PINEROLO,S00515,Piemonte
PISCIOLO,S09625,Basilicata
PISCIOTTA PALINURO,S11712,Campania
PISOGNE,N00217,
PISTICCI,S11459,Basilicata
PISTOIA,S06414,Toscana
PISTOIA OVEST,S05151,
PITECCIO,S05116,Toscana
PIVKA,S44100,
PIZZIGHETTONE,S01911,Lombardia
PIZZO,S11753,Calabria
PLAUS,S02212,Trentino Alto Adige
PLOAGHE,S12816,Sardegna
PM GROTTALUPARA,S11514,
POCAPAGLIA,S00842,Piemonte
POGGIBONSI,S06805,Toscana
POGGIO - CAREGGINE - VAGLI,S06323,Toscana
POGGIO FIDONI,S07428,Lazio
POGGIO IMPERIALE,S11023,Puglia
POGGIO MIRTETO,S08213,Lazio
POGGIO RENATICO,S05720,Emilia Romagna
POGGIO RUSCO,S05308,Lombardia
POGGIORSINI,S11305,Puglia
POGGIRIDENTI-TRESIVIO-PIATEDA,S01433,Lombardia
POGLIOLA,S00904,Piemonte
POLESELLA,S05708,Veneto
POLICASTRO BUSSENTINO,S11718,Campania
POLICORO TURSI,S11802,Basilicata
POLIGNANO A MARE,S11128,Puglia
POLLA,S09903,Campania
POLLENZA,S07305,Marche
POLLINA,S12021,Sicilia
POMBIA,S01125,Piemonte
POMEZIA - S.PALOMBA,S08601,Lazio
POMPEI,S09810,Campania
PONT,S00890,Liguria
PONT SAINT MARTIN,S00149,Valle d'Aosta
PONTASSIEVE,S06904,Toscana
PONTE A ELSA,S06807,Toscana
PONTE A MORIANO,S06312,Toscana
PONTE A TRESSA,S06869,Toscana
PONTE ALBANITO,S09325,Puglia
PONTE CASALDUNI,S09309,Campania
PONTE DELLA VENTURINA,S05123,Emilia Romagna
PONTE DI BRENTA,S02585,Veneto
PONTE DI PIAVE,S02763,Veneto
PONTE D`ADDA,S01912,Lombardia
PONTE D`ADIGE,S02225,Trentino Alto Adige
PONTE GALERIA,S08403,Lazio
PONTE GARDENA,S02020,Trentino Alto Adige
PONTE GINORI,S06752,Toscana
PONTE IN VALTELLINA,S01434,Lombardia
PONTE NELLE ALPI POLPET,S02558,Veneto
PONTE PARRANO DI NOCERA UMBRA,S07233,Umbria
PONTE S. CONO,S09841,
PONTE S.MARCO - CALCINATO,S02082,Lombardia
PONTE S.PIETRO,S01528,Lombardia
PONTE TICINO,N00053,
PONTEBBA,S03010,Friuli-Venezia Giulia
PONTECAGNANO,S09821,Campania
PONTECCHIO MARCONI,S05103,Emilia Romagna
PONTECURONE,S01809,Piemonte
PONTEDERA CASCIANA TERME,S06506,Toscana
PONTELAGOSCURO,S05711,Emilia Romagna
PONTELAMBRO - CASTELMARTE,S01097,
PONTELANDOLFO,S09504,Campania
PONTELATONE,S09027,
PONTENURE,S05005,Emilia Romagna
PONTETTO,S04710,Liguria
PONTI,S00871,Piemonte
PONTICINO,S06913,Toscana
PONTIDA,S01526,Lombardia
PONTREMOLI,S06163,Toscana
PONZANA,S00247,Piemonte
PONZANO MAGRA,S06200,Liguria
POPOLANO,S06612,Toscana
POPOLI VITTORITO,S07703,Abruzzo
POPPI,S06074,
POPULONIA,S06773,Toscana
PORCARI,S06406,Toscana
PORDENONE,S02701,Friuli-Venezia Giulia
PORRENA - STRADA - MONTEM.,S06073,
PORRETTA  TERME,S05110,Emilia Romagna
PORTA VENEZIA,N00094,
PORTACOMARO,S00344,Piemonte
PORTICHETTO - LUISAGO,N00040,
PORTICI- ERCOLANO,S09802,Campania
PORTO CERESIO,S01200,Lombardia
PORTO DI VASTO,S07822,Abruzzo
PORTO D`ASCOLI,S07514,Marche
PORTO EMPEDOCLE,S12214,Sicilia
PORTO RECANATI,S07504,Marche
PORTO S. ELPIDIO,S07507,Marche
PORTO S. GIORGIO FERMO,S07508,Marche
PORTO TORRES,S12802,Sardegna
PORTO VALTRAVAGLIA,S01116,Lombardia
PORTO VARALLO POMBIA,S01124,Piemonte
PORTOGRUARO CAORLE,S03200,Veneto
PORTOMAGGIORE,S05802,Emilia Romagna
POSSIDENTE,S11220,Basilicata
POSTIOMA,S02601,Veneto
POSTO COMUNICAZIONE DOLCE`,S02053,Veneto
POSTOJNA,S00750,
POTENZA INFERIORE,S11420,Basilicata
POTENZA MACCHIA ROMANA,S11215,
POTENZA PICENA MONTELUPONE,S07505,Marche
POTENZA SUPERIORE,S11217,Basilicata
POVE DEL GRAPPA CAMPESE,S02505,Veneto
POVO,S02301,
POZZALLO,S12420,Sicilia
POZZOLO FORMIGARO,S04330,Piemonte
POZZUOLI SOLFATARA,S09101,Campania
POZZUOLO MARTESANA,S01722,Lombardia
PRACCHIA,S05113,Toscana
PRAJA AJETA TORTORA,S11725,Calabria
PRASCO CREMOLINO,S04101,Piemonte
PRATA CAMPORTACCIO,S01417,
PRATA PRATOLA,S09513,Campania
PRATIGNONE,S06423,Toscana
PRATO BORGONUOVO,S06426,Toscana
PRATO CENTRALE,S06416,Toscana
PRATO PORTA AL SERRAGLIO,S06422,Toscana
PRATO SESIA,S00108,Piemonte
PRATO TIRES,S02024,
PRATOLA PELIGNA,S07700,Abruzzo
PRATOLA PELIGNA SUPERIORE,S07601,Abruzzo
PRATOVECCHIO,S06072,
PRATOVECCHIO STIA,S06071,
PREDOSA,S04003,Piemonte
PREGANZIOL,S02715,Veneto
PREGNANA MILANESE,S01058,Lombardia
PREMOSELLO CHIOVENDA,S01009,Piemonte
PREZZA,S08536,Abruzzo
PRE` SAINT DIDIER,S00130,Valle d'Aosta
PRIMOLANO,S02319,Veneto
PRIOLA,S00923,Piemonte
PRIOLO MELILLI,S12347,Sicilia
PRIOLO SOPRANO,S12393,Sicilia
PRIVERNO FOSSANOVA,S08604,Lazio
PROSECCO,S03551,
PROVAGLIO - TIMOLINE,N00209,
PUGLIA - CECILIANO,S06085,
PUNTA RAISI,S12133,Sicilia
PdE 2AV,S05299,
QUADRI-BORELLO,S07996,
QUARONA,S00102,Piemonte
QUART,S00138,Valle d'Aosta
QUARTESANA,S05170,
QUARTO DI MARANO,S09111,Campania
QUARTO D`ALTINO,S02670,Veneto
QUATTRO VENTI,S08005,Lazio
QUERCIANELLA,S06728,Toscana
QUERO VAS,S02565,Veneto
QUILIANO VADO,S04527,Liguria
QUINCINETTO,S00150,Piemonte
QUISTELLO,S05156,
ROMA TERMINI,S08409,Lazio
R.C.AEROPORTO,S11866,Calabria
RACALMUTO,S12373,Sicilia
RACCONIGI,S00602,Piemonte
RACCORDO  X,N00181,
RAGUSA,S12414,Sicilia
RAGUSA IBLA,S12416,Sicilia
RAIANO,S07600,Abruzzo
RANDAZZO,S12365,Sicilia
RAPALLO,S04720,Liguria
RAPOLANO TERME,S06850,Toscana
RAPOLLA - LAVELLO,S11207,
RAPONE RUVO S.FELE,S09621,Basilicata
RASSINA,S06078,
RASTIGNANO,S05138,Emilia Romagna
RAVENNA,S05811,Emilia Romagna
RECALE,S09302,Campania
RECCO,S04714,Liguria
REDIPUGLIA,S03308,Friuli-Venezia Giulia
REGGIO CALABRIA CENTRALE,S11781,Calabria
REGGIO CALABRIA LIDO,S11780,Calabria
REGGIO DI CALABRIA ARCHI,S11973,
REGGIO DI CALABRIA BOCALE,S11969,
REGGIO DI CALABRIA CATONA,S11776,Calabria
REGGIO DI CALABRIA GALLICO,S11777,Calabria
REGGIO DI CALABRIA OMECA,S11970,
REGGIO DI CALABRIA PELLARO,S11867,Calabria
REGGIO DI CALABRIA S.CATERINA,S11975,
REGGIO DI CALABRIA S.GREGORIO,S11868,Calabria
REGGIO EMILIA,S05023,Emilia Romagna
REGGIO EMILIA AV,S05254,Emilia Romagna
REGOLEDO,S01410,Lombardia
REMANZACCO,S03059,
REMEDELLO SOPRA,S01845,Lombardia
REMEDELLO SOTTO,S01846,Lombardia
RENATE-VEDUGGIO,S01489,Lombardia
REPUBBLICA,N00095,
RESANA,S02508,Veneto
RESCALDINA,S01135,
REVERE,S05305,Lombardia
REVIGLIONE DI SOMMA VESUVIANA,S09762,Campania
RHO,S01037,Lombardia
RHO FIERA MILANO,S01039,
RIACE,S11845,Calabria
RIARDO,S09204,Campania
RICADI,S11761,Calabria
RICCIONE,S07101,Emilia Romagna
RIDOTTI-COLLEPIANO,S08815,
RIETI,S07405,Lazio
RIGNANO GARGANICO,S11028,Puglia
RIGNANO SULL`ARNO REGGELLO,S06906,Toscana
RIGOLA - STADIO,S00084,
RIGOLI,S06401,Toscana
RIGOMAGNO,S06851,Toscana
RIGOROSO,S04208,Piemonte
RIMINI,S05071,Emilia Romagna
RIMINI MIRAMARE,S07100,Emilia Romagna
RIMINI TORRE PEDRERA,S05819,Emilia Romagna
RIMINI VISERBA,S05820,Emilia Romagna
RIMINIFIERA,S05057,
RIO DI PUSTERIA,S02102,Trentino Alto Adige
RIO SECCO,S04004,Piemonte
RIOFREDDO,S08517,Lazio
RIOLA,S05108,Emilia Romagna
RIOMAGGIORE,S04736,Liguria
RIONERO ATELLA RIPACANDITA,S11209,Basilicata
RIPABOTTONI S.ELIA,S09463,Molise
RIPAFRATTA,S06402,Toscana
RIPARBELLA,S06750,Toscana
RISANO,S03120,Friuli-Venezia Giulia
RIVA TRIGOSO,S04726,Liguria
RIVALTA SCRIVIA,S04331,Piemonte
RIVAROLO,S00884,
RIVISONDOLI-PESCOCOSTANZO,S08905,Abruzzo
ROBBIO,S00272,Lombardia
ROBECCO-PONTEVICO,S01904,Lombardia
ROBILANTE,S00615,Piemonte
ROCCA DI CORNO,S07410,Abruzzo
ROCCA DI FONDI,S07409,Lazio
ROCCA D`EVANDRO,S09200,Lazio
ROCCA IMPERIALE,S11804,Calabria
ROCCA RAVINDOLA,S09058,Molise
ROCCABERNARDA,S11828,Calabria
ROCCACIGLIE`,S00740,Piemonte
ROCCADEBALDI,S00905,Piemonte
ROCCAGRIMALDA,S04006,Piemonte
ROCCALUMERA MANDANICI,S12312,Sicilia
ROCCAMURATA,S06159,Emilia Romagna
ROCCAPALUMBA-ALIA,S12204,Sicilia
ROCCARASO,S08906,Abruzzo
ROCCASECCA,S08668,Lazio
ROCCASTRADA,S06823,Toscana
ROCCAVALDINA,S12046,
ROCCAVIONE,S00614,Piemonte
ROCCAVIVI,S08814,
ROCCELLA JONICA,S11847,Calabria
ROCCHETTA CAIRO,S00878,Liguria
ROCCHETTA S.ANT.LAC.,S11205,Puglia
ROCCHETTA TANARO CERRO,S00466,Piemonte
RODALLO,S00159,Piemonte
ROGOLO,S01423,Lombardia
ROLO NOVI FABBRICO,S02346,Emilia Romagna
ROMA AURELIA,S08025,Lazio
ROMA BALDUINA,S08327,
ROMA CASILINA,S08674,Lazio
ROMA MONTE MARIO,S08322,Lazio
ROMA NOMENTANA L.L.,S08236,Lazio
ROMA NOMENTANA LM,S08232,
ROMA OSTIENSE,S08406,Lazio
ROMA PRENESTINA,S08500,Lazio
ROMA S.FILIPPO NERI,S08325,Lazio
ROMA S.PIETRO,S08323,Lazio
ROMA TIBURTINA,S08217,Lazio
ROMA TIBURTINA PIAZZALE EST,S08226,Lazio
ROMA TRASTEVERE,S08405,Lazio
ROMA TUSCOLANA,S08408,Lazio
ROMAGNANO SESIA,S00109,Piemonte
ROMAGNANO V.,S09829,Campania
ROMANO,S01711,Lombardia
ROMANORE,S02337,Lombardia
ROMETTA MESSINESE,S12049,Sicilia
RONCANOVA DI GAZZO VER.,S05303,Veneto
RONCEGNO BAGNI-MARTER,S02312,Trentino Alto Adige
RONCHI DEI LEGIONARI NORD,S03309,Friuli-Venezia Giulia
RONCIGLIONE,S08109,Lazio
RONCO SCR.,S04211,Liguria
RONTA,S06606,Toscana
ROSARNO,S11765,Calabria
ROSA`,S02521,Veneto
ROSENHEIM,S03600,
ROSETO CAPO SPULICO,S11806,Calabria
ROSETO DEGLI ABRUZZI,S07804,Abruzzo
ROSIGNANO,S06730,Toscana
ROSOLINA,S05424,Veneto
ROSOLINI,S12422,Sicilia
ROSSANO,S11813,Calabria
ROSSANO VENETO,S02522,Veneto
ROSSIGLIONE,S04104,Liguria
ROSTA,S00215,Piemonte
ROTONDI-PAOLISI,S09016,
ROTTEWEIL,S29411,
ROTTOFRENO,S01950,Emilia Romagna
ROVASENDA,S00053,Piemonte
ROVASENDA ALTA,S00056,Piemonte
ROVATO,S01714,Lombardia
ROVATO CITTA,N00237,
ROVELLASCA - MANERA,N00035,
ROVELLO PORRO,N00034,
ROVERBELLA,S02333,Lombardia
ROVERETO,S02044,Trentino Alto Adige
ROVERETO - S.V. - MEDELANA,S05173,
ROVETO BIMMISCA,S12442,
ROVIANO,S08515,Lazio
ROVIGLIANO,S09771,
ROVIGO,S05706,Veneto
RUBIERA,S05031,Emilia Romagna
RUDALZA,S12895,Sardegna
RUFINA,S06703,Toscana
RUSSI,S05903,Emilia Romagna
RUTINO,S11707,Campania
S SOSTENE,S11838,
S. AMBROGIO,S00213,Piemonte
S. ANGELO CINIGIANO,S06819,
S. ANGELO IN FOR.,S09030,
S. ANTONINO DI SALUGGIA,S00236,Piemonte
S. ANTONINO VAIE,S00211,Piemonte
S. BENIGNO,S00881,
S. CASSIANO VALCHIAVENNA,S01401,Lombardia
S. CRISTINA E BISSONE,S01866,Lombardia
S. DAMIANO D`ASTI,S00461,Piemonte
S. DONA` DI PIAVE,S02666,Veneto
S. EUROSIA,S08739,Lazio
S. FELICE A CANCELLO-ARIENZO,S09019,
S. GENNARO,S08737,
S. GERMANO VERCELLESE,S00243,Piemonte
S. GIACOMO DI TEGLIO,S01436,Lombardia
S. GIOVANNI IN CROCE,S01849,Lombardia
S. GIULIANO MILANESE,S01821,Lombardia
S. GIULIANO PIACENTINO,S01961,Emilia Romagna
S. IORIO,S09029,
S. MAMA,S06079,
S. MARCO,S09022,
S. MARGHERITA LIGURE PORTOFINO,S04718,Liguria
S. MARIA A VICO,S09018,
S. MARIA DELLE MOLE,S08738,Lazio
S. MARTINO V.C.-M.SARCHIO-P.RANO,S09014,
S. NICOLA DI MELFI,S11300,Basilicata
S. PAOLO SOLBRITO,S00463,Piemonte
S. PIETRO A VICO,S06313,Toscana
S. PIETRO AVELLANA-CAPRACOTTA,S08912,Molise
S. PIETRO BERBENNO,S01428,Lombardia
S. PIETRO VERNOTICO,S11141,Puglia
S. STEFANO DI MAGRA,S06170,Liguria
S. STINO DI LIVENZA,S02664,Veneto
S. VINCENZO,S06030,Toscana
S. VITO CHIETINO,S07985,
S. ZENO FOLZANO,S01900,Lombardia
S. ZENONE AL LAMBRO,S01823,Lombardia
S.AGAPITO LONGANO,S09056,
S.AGATA M.,S12027,Sicilia
S.AGATA SUL SANTERNO,S05954,Emilia Romagna
S.ALESSIO SICULO FORZA D`AGRO`,S12315,Sicilia
S.ANDREA DELL`JONIO,S11840,Calabria
S.ANGELO DEI LOMBARDI,S09615,Campania
S.ANNA DI CHIOGGIA,S05411,
S.ANNA ROBELLA,S00434,Piemonte
S.ANTIMO S.ARPINO,S09007,Campania
S.ANTONIO MANTOVANO,S02334,Lombardia
S.ARCANGELO DI ROMAGNA,S05069,Emilia Romagna
S.BENEDETTO DEL TRONTO,S07513,Marche
S.BENIGNO DI CUNEO,S00609,Piemonte
S.BIAGIO,S05805,Emilia Romagna
S.BIAGIO DI CALLALTA,S02761,Veneto
S.CANDIDO,S02114,Trentino Alto Adige
S.CASSIANO,S06615,Emilia Romagna
S.CATALDO,S12382,Sicilia
S.CATERINA DELL`JONIO,S11842,Calabria
S.CLAUDIO,S07312,Marche
S.CRISTOFORO AL LAGO-ISCHIA,S02306,Trentino Alto Adige
S.CROCE DEL LAGO,S02735,Veneto
S.CROCE DEL SANNIO,S09502,Campania
S.DEMETRIO DE` VESTINI,S07418,Abruzzo
S.DONATO MILANESE,S01624,
S.DONNINO BADIA,S06514,Toscana
S.ELENA - ESTE,S05704,Veneto
S.ELLERO,S06905,Toscana
S.EUFEMIA DI BRISIGHELLA,S06616,
S.EUSANIO DEL SANGRO,S07989,
S.FELICE SP,S05313,Emilia Romagna
S.FILIPPO,S07557,Marche
S.FILIPPO-S.LUCIA,S12044,Sicilia
S.FLAVIA,S12009,Sicilia
S.FREDIANO A SETTIMO,S06504,Toscana
S.GIACOMO DI SPOLETO,S07220,Umbria
S.GIORGIO CASALE,S00336,Piemonte
S.GIORGIO DELLE PERTICHE,S02526,Veneto
S.GIORGIO P.,S05723,Emilia Romagna
S.GIOVANNI AL NATISONE,S03031,Friuli-Venezia Giulia
S.GIOVANNI DI CASARSA,S03199,Friuli-Venezia Giulia
S.GIOVANNI D`ASSO,S06816,Toscana
S.GIOVANNI VALDARNO,S06909,Toscana
S.GIULETTA,S01943,Lombardia
S.GIULIANO DEL SANNIO,S09476,
S.GIULIANO PIEMONTE,S01941,Piemonte
S.GIULIANO TERME,S06400,Toscana
S.GIUSEPPE VESUVIANO,S09752,Campania
S.GIUSTINA CESIO,S02562,Veneto
S.ILARIO,S05021,Emilia Romagna
S.LIBERATO,S07235,Umbria
S.LORENZO COLLI,S12132,Sicilia
S.LORENZO LO VECCHIO,S12443,
S.LORENZO MAGGIORE,S09308,Campania
S.LUCIDO MARINA,S11740,Calabria
S.MARCELLINO FRIGNANO,S09005,Campania
S.MARCO ROGGIANO,S11904,Calabria
S.MARIA CAPUA VETERE,S09209,Campania
S.MARIA COLLE SERRA,S09474,
S.MARIA LA BRUNA,S09804,Campania
S.MARIA LA LONGA,S03121,Friuli-Venezia Giulia
S.MARIA OLIVETO,S09059,Molise
S.MARINO,S02501,Veneto
S.MARTINO AL CIMINO,S08307,Lazio
S.MARTINO BUON ALBERGO,S02435,Veneto
S.MARTINO DI LUPARI,S02536,Veneto
S.MARTINO IN GATTARA,S06613,Emilia Romagna
S.MARTINO IN PENSILIS,S09468,Molise
S.MICHELE DI SERINO,S09523,Campania
S.MICHELE IN BOSCO,S01924,Lombardia
S.MINIATO FUCECCHIO,S06509,Toscana
S.NAZARIO,S02503,Veneto
S.NICOLA ARCELLA,S11726,Calabria
S.NICOLA T.,S12012,Sicilia
S.NICOLO',S01951,Emilia Romagna
S.PATRIZIO,S05953,
S.PIERO A SIEVE,S06603,Toscana
S.PIETRO A MAIDA,S11750,Calabria
S.PIETRO IN CASALE,S05722,Emilia Romagna
S.PIETRO IN GU`,S02531,Veneto
S.ROMANO MONTOPOLI S.CROCE,S06508,Toscana
S.SEBASTIANO PO,S00420,Piemonte
S.SEVERINO MARCHE,S07303,Marche
S.SILVESTRO,S00173,Piemonte
S.STEFANO BELBO,S00831,Piemonte
S.STEFANO LODIGIANO,S01829,Lombardia
S.STEFANO UDINESE,S03124,Friuli-Venezia Giulia
S.TOMMASO DEL PIANO,S09630,Basilicata
S.VINCENZO V.R.,S08855,Abruzzo
S.VITO AL TAGLIAMENTO,S02660,Friuli-Venezia Giulia
S.VITO DEI NORMANNI,S11135,Puglia
S.VITO LANCIANO,S07817,Abruzzo
S.VITTORIA,S00822,Piemonte
SACCONAGO,S01754,
SACCONAGO,N00150,
SACILE,S02703,Friuli-Venezia Giulia
SACILE SAN LIBERALE,S03089,Friuli-Venezia Giulia
SAGRADO,S03307,Friuli-Venezia Giulia
SAINT PIERRE,S00161,Valle d'Aosta
SAIRANO,S00408,Lombardia
SAIRANO ZINASCO,S00400,Lombardia
SALA AL BARRO-GALBIATE,S01461,Lombardia
SALA CONSILINA,S09906,Campania
SALANDRA,S11457,Basilicata
SALASSA,S00886,
SALBERTRAND,S00205,Piemonte
SALE LANGHE,S00743,Piemonte
SALE MARASINO,N00213,
SALEMI GIBELLINA,S12114,Sicilia
SALERNO,S09818,Campania
SALERNO IRNO,S09799,
SALETTO,S02394,Veneto
SALICETO,S00744,Piemonte
SALINE DI REGGIO,S11864,Calabria
SALONE,S08502,Lazio
SALORNO,S02034,Trentino Alto Adige
SALSOMAGGIORE T.,S05090,Emilia Romagna
SALUGGIA,S00235,Piemonte
SALUSSOLA,S00074,Piemonte
SALUZZO,S00547,
SALZA IRPINA,S09600,Campania
SALZANO ROBEGANO,S02511,Veneto
SAMASSI SERRENTI,S12885,Sardegna
SAMOGGIA,S05039,Emilia Romagna
SAMOLACO,S01402,Lombardia
SAMPIERI,S12419,Sicilia
SAN BENEDETTO PO,S05155,
SAN BENEDETTO SAMBRO-CAST.PEPOLI,S05134,Emilia Romagna
SAN BONIFACIO,S02440,Veneto
SAN GAVINO,S12882,Sardegna
SAN GIACOMO,S04005,Piemonte
SAN GIORGIO,S12034,Sicilia
SAN GIORGIO DI NOGARO,S03205,Friuli-Venezia Giulia
SAN GIOVANNI,S12804,Sardegna
SAN GIOVANNI IN PERSICETO,S05319,Emilia Romagna
SAN GIULIANO D'AREZZO,S06065,
SAN GIUSEPPE DI CAIRO,S04805,Liguria
SAN LEONARDO DI CUTRO,S11827,Calabria
SAN MARCO D`ALUNZIO T.,S12028,Sicilia
SAN MAURIZIO,S00089,
SAN MAURO LA BRUCA,S11714,Campania
SAN MOMME`,S05118,Toscana
SAN NICOLA VARCO DI EBOLI,S11700,Campania
SAN PIETRO INFINE,S09210,
SAN REMO,S04505,Liguria
SAN ROCCO MANTOVANO,S05157,
SAN SEVERO,S11025,Puglia
SANDIGLIANO,S00072,Piemonte
SANFRE`,S00731,Piemonte
SANGIANO,S01140,Lombardia
SANGINETO,S11733,Calabria
SANGUINETTO,S02384,Veneto
SANLURI STATO,S12883,Sardegna
SANNAZZARO,S00403,Lombardia
SANNICANDRO DI BARI,S11503,Puglia
SANTA DOMENICA,S11786,Calabria
SANTA LUCE,S06023,Toscana
SANTA MARIA DI CATANZARO,S11957,Calabria
SANTA MARINELLA,S08015,Lazio
SANTA SEVERA,S08016,Lazio
SANTA TERESA DI RIVA,S12314,Sicilia
SANTE MARIE,S08521,Abruzzo
SANTERAMO,S11310,Puglia
SANTHIA`,S00240,Piemonte
SANTO STEFANO DI CAMASTRA,S12024,Sicilia
SANTOPADRE,S08817,
SANTUARIO,S04802,Liguria
SANTUARIO INCORONATA,S11201,Puglia
SANT`ANNA,S12897,Sardegna
SANT`ORSOLA,S12806,Sardegna
SANZANO OCCHINO,S09629,Campania
SAPRI,S11721,Campania
SARMATO,S01949,Emilia Romagna
SARNO,S09702,Campania
SARONNO,S01933,Lombardia
SARONNO SUD,S01077,
SARRE,S00136,Valle d'Aosta
SARTIRANA,S00038,Lombardia
SARZANA,S06007,Liguria
SASSA TORNIMPARTE,S07413,Abruzzo
SASSANO TEGGIANO,S09907,Campania
SASSARI,S12807,Sardegna
SASSINORO,S09475,
SASSO MARCONI,S05104,Emilia Romagna
SASSOFERRATO ARCEVIA,S07063,Marche
SASSONE,S08712,Lazio
SAVIGLIANO,S00604,Piemonte
SAVIGNANO GRECI,S09318,Campania
SAVIGNANO SUL RUBICONE,S05068,Emilia Romagna
SAVONA,S04801,Liguria
SAVONA MARITTIMA,S04800,Liguria
SCAFA S.VALENTINO CARAMANICO T,S07707,Abruzzo
SCAFATI,S09811,Campania
SCALA DI GIOCCA,S12814,Sardegna
SCALEA S.DOMENICA TALAO,S11727,Calabria
SCALENGHE,S00540,Piemonte
SCALETTA ZANCLEA,S12309,Sicilia
SCANZANO BELFIORE,S07216,Umbria
SCANZANO J. MONTALBANO J.,S11801,Basilicata
SCARLINO,S06035,Toscana
SCERNE DI PINETO,S07805,Abruzzo
SCHAFFHAUSEN,S03424,
SCHIO,S02140,Veneto
SCHIVENOGLIA,S05158,
SCHWAZ,S01179,
SCICLI,S12418,Sicilia
SCILLA,S11772,Calabria
SCOPETI,S06705,Toscana
SCORCETOLI,S06164,Toscana
SCORDIA,S12278,Sicilia
SCURCOLA MARSICANA,S08524,Abruzzo
SECUGNAGO,S01826,Lombardia
SEDICO BRIBANO,S02560,Veneto
SEGESTA TEMPIO,S12152,Sicilia
SEGNALE DI CONF. RENO EST,S05326,
SEGNALE DI CONF. RENO OVEST,S05325,
SEGRATE,S01715,Lombardia
SELLA DI CORNO,S07411,Abruzzo
SELLERO,N00230,
SELLIA MARINA,S11831,Calabria
SELVA DEL BOCCHETTO,S06155,Emilia Romagna
SENALES,S02210,
SENIGALLIA,S07108,Marche
SEPINO,S09501,Molise
SEREGNO,S01318,Lombardia
SERENELLA,S01073,
SERIATE,S01533,Lombardia
SERINO,S09515,Campania
SERMIDE,S05161,
SERRA S.QUIRICO,S07205,Marche
SERRADIFALCO,S12383,Sicilia
SERRALUNGA CERESETO,S00338,Piemonte
SERRAMANNA NURAMINIS,S12886,Sardegna
SERRAVALLE,S02048,Trentino Alto Adige
SERRAVALLE D`ASTI,S00431,Piemonte
SERRAVALLE PISTOIESE,S06413,Toscana
SERRAVALLE SCRIVIA,S04206,Piemonte
SERRE DI RAPOLANO,S06857,Toscana
SESSA AURUNCA R.,S09000,Campania
SESSANO DEL MOLISE,S08917,Molise
SESTO CALENDE,S01026,Lombardia
SESTO CAMPANO,S09062,Molise
SESTO FIORENTINO,S06418,Toscana
SESTO S. GIOVANNI,S01325,Lombardia
SESTRI LEVANTE,S04725,Liguria
SETTE BAGNI,S08216,Lazio
SETTEQUERCE,S02224,Trentino Alto Adige
SETTIME CINAGLIO MOMBARONE,S00430,Piemonte
SETTIMO,S00229,Piemonte
SETTIMO TAVAGNASCO,S00151,Piemonte
SETTINGIANO,S11954,Calabria
SEVEGLIANO,S03151,Friuli-Venezia Giulia
SEVESO,S01925,Lombardia
SEVNICA,S42100,
SEZANA,S01000,
SEZZE ROMANO,S08609,Lazio
SGURGOLA,S08659,Lazio
SIBARI,S11811,Calabria
SICIGNANO DEGLI ALBURNI,S09827,Campania
SIDERNO,S11850,Calabria
SIECI,S06903,Toscana
SIENA,S06809,Toscana
SIENA ZONA INDUSTRIALE,S06867,Toscana
SIERRE SIDERS,S01509,
SIGNA,S06513,Toscana
SILANDRO,S02205,Trentino Alto Adige
SILIQUA,S12954,Sardegna
SILLA,S05109,Emilia Romagna
SILLAVENGO,S00978,Piemonte
SILVI,S07807,Abruzzo
SIMERI CRICHI,S11832,Calabria
SINALUNGA,S06852,Toscana
SINGEN,S03700,
SIOFOK,S03350,
SION,S01225,
SIPICCIANO,S08300,Lazio
SIPICCIANO S.NICOLA,S08302,
SIPONTO,S11056,Puglia
SIRACUSA,S12349,Sicilia
SIRACUSA M.,S12351,Sicilia
SISTIANA,S03312,Friuli-Venezia Giulia
SIZZANO,S00111,Piemonte
SLUDERNO-GLORENZA,S02201,Trentino Alto Adige
SOFFRATTA,S02732,Veneto
SOLAGNA,S02504,Veneto
SOLAROLO,S05900,Emilia Romagna
SOLARUSSA,S12876,Sardegna
SOLERO,S00469,Piemonte
SOLIERA MODENESE,S02351,Emilia Romagna
SOLIGNANO,S06156,Emilia Romagna
SOLOFRA,S09516,Campania
SOLOPACA,S09307,Campania
SOMMA LOMBARDO,S01028,Lombardia
SOMMACAMPAGNA-SONA,S02094,
SOMMARIVA BOSCO,S00730,Piemonte
SONDRIO,S01430,Lombardia
SONICO,N00234,
SORA,S08857,Lazio
SORESINA,S01607,Lombardia
SORGENTI DEL PESCHIERA,S07434,Lazio
SORI,S04712,Liguria
SOVERATO,S11837,Calabria
SPADAFORA,S12048,Sicilia
SPAGNUOLA,S12106,Sicilia
SPARANISE,S09206,Campania
SPARTIMENTO DI SCISCIANO,S09761,Campania
SPELLO,S07010,Umbria
SPEZZANO ALBANESE TERME,S11901,Calabria
SPIEZ,S07483,
SPIGNO,S00874,Piemonte
SPINAZZOLA,S11304,Puglia
SPINETOLI COLLI,S07552,Marche
SPINETTA,S01940,Piemonte
SPOLETO,S07221,Umbria
SPONDIGNA-PRATO VENOSTA,S02202,Trentino Alto Adige
SPOTORNO NOLI,S04526,Liguria
SPRESIANO,S02709,Veneto
SQUILLACE,S11835,Calabria
SQUINZANO,S11142,Puglia
ST VEIT GLAN,S03633,
ST.DALMAS DE TENDE,S00620,
STAGGIA,S06810,
STANGHELLA,S05705,Veneto
STAZIONE PER L`ALPAGO,S02736,Veneto
STEINACH TIROL,S02264,
STELLATA FICAROLO,S05164,
STICCIANO,S06824,Toscana
STIMIGLIANO,S08212,Lazio
STRADA CASALE,S06617,Emilia Romagna
STRADELLA,S01945,Lombardia
STRAMBINO,S00155,Piemonte
STRASSOLDO,S03150,Friuli-Venezia Giulia
STRESA,S01016,Piemonte
STREVI,S00866,Piemonte
STRIGNO,S02315,Trentino Alto Adige
STRONCONE,S07400,Umbria
STRONGOLI,S11822,Calabria
STUTTGART HBF,S03800,
SU CANALE,S12896,Sardegna
SUBBIANO,S06082,
SULMONA,S08539,Abruzzo
SULMONA-INTRODACQUA,S08900,Abruzzo
SULZANO,N00212,
SUNO,S00018,Piemonte
SURBO,S11144,
SURBO FASCIO MERCI,S11134,
SUSA,S00260,Piemonte
SUSEGANA,S02708,Veneto
SUZZARA,S02340,Lombardia
SUZZARA V.N.,S05153,
SZEKESFEHERVAR,S03269,
TORINO P.NUOVA,S00219,Piemonte
TAGGIA ARMA,S04506,Liguria
TAGLIACOZZO,S08522,Abruzzo
TAINO ANGERA,S01122,Lombardia
TALAMONA,S01426,Lombardia
TALAMONE,S08002,Toscana
TAORMINA,S12317,Sicilia
TARANTO,S11465,Puglia
TARCENTO,S03022,Friuli-Venezia Giulia
TARGIA,S12353,Sicilia
TARQUINIA,S08009,Lazio
TARSIA,S11903,Calabria
TARVISIO BOSCOVERDE,S03015,Friuli-Venezia Giulia
TASSIGNANO,S06405,Toscana
TAURASI,S09605,Campania
TAVAZZANO,S01824,Lombardia
TEANO,S09205,Campania
TEGLIO VENETO,S02662,Veneto
TEL,S02213,
TELESE CERRETO,S09326,Campania
TEMPIO DI VULCANO,S12215,
TENDE,S00619,
TERAMO,S07900,Abruzzo
TERLANO-ANDRIANO,S02223,Trentino Alto Adige
TERME EUGANEE-ABANO-MONTEGR.,S05701,Veneto
TERME VIGLIATORE,S12040,Sicilia
TERMINI IMERESE,S12014,Sicilia
TERMOLI,S11019,Molise
TERNATE VARANO BORGHI,S01143,Lombardia
TERNI,S07226,Umbria
TERNI COSPEA,S07430,Umbria
TERNO,S01504,Lombardia
TERONTOLA CORTONA,S06922,Toscana
TERRACINA,S08809,Lazio
TERRAROSSA - TRESANA,S06167,Toscana
TERRENOVE,S12108,Sicilia
TERRIA,S07425,Lazio
TERZIGNO,S09753,Campania
TERZO MONTABONE,S00869,Piemonte
TEZZE DI GRIGNO,S02318,Trentino Alto Adige
THIENE,S02143,Veneto
THUN,S01250,
THURIO,S11869,Calabria
TIERA,S11216,Basilicata
TIONE DEGLI ABRUZZI,S07426,Abruzzo
TIRANO,S01440,Lombardia
TISSI USINI,S12813,Sardegna
TITO,S09834,Basilicata
TIVOLI,S08508,Lazio
TOCCO CASTIGLIONE,S07705,Abruzzo
TOLENTINO,S07304,Marche
TOLINE,N00216,
TOLLO CANOSA SANNITA,S07814,Abruzzo
TOMBOLO,S06720,Toscana
TOMMASO NATALE,S12131,Sicilia
TONCO ALFIANO,S00342,Piemonte
TOR SAPIENZA,S08501,Lazio
TOR VERGATA,S08655,Lazio
TORA PRESENZANO,S09202,Campania
TORANO LATTARICO,S11906,Calabria
TORCHIARA,S11706,Campania
TORINO DORA,S00224,Piemonte
TORINO LINGOTTO,S00452,Piemonte
TORINO PORTA SUSA,S00035,Piemonte
TORINO REBAUDENGO FOSSATA,S00060,
TORINO S. PAOLO,S00223,Piemonte
TORINO STURA,S00228,Piemonte
TORRALBA,S12865,Sardegna
TORRAZZA P.,S00234,Piemonte
TORRE ANNUNZIATA CENTRALE,S09806,Campania
TORRE ANNUNZIATA CITTA',S09805,Campania
TORRE DEI PASSERI,S07706,Abruzzo
TORRE DEL GRECO,S09803,Campania
TORRE DEL LAGO PUCCINI,S06015,Toscana
TORRE DE` PICENARDI,S01918,Lombardia
TORRE IN PIETRA-PALIDORO,S08019,Lazio
TORRE MELISSA,S11821,Calabria
TORRE ORSAIA,S11717,Campania
TORRE PELLICE,S00524,Piemonte
TORRE S.GIORGIO,S00545,Piemonte
TORREBERETTI,S00039,Lombardia
TORREMEZZO DI FALCONARA,S11971,
TORRENIERI,S06817,Toscana
TORRICELLA,S07011,Umbria
TORRICOLA,S08600,Lazio
TORRILE S. POLO,S01853,Lombardia
TORRITA DI SIENA,S06854,Toscana
TORTONA,S01810,Piemonte
TORTORETO LIDO,S07801,Abruzzo
TORVISCOSA,S03206,Friuli-Venezia Giulia
TOSCANO,S11961,
TRABIA,S12013,Sicilia
TRADATE,N00019,
TRANI,S11112,Puglia
TRAPANI,S12100,Sicilia
TRAPPA,S00925,Piemonte
TRAPPETO,S12123,Sicilia
TRAVEDONA BIANDRONNO,S01142,Lombardia
TRAVESIO,S03081,Friuli-Venezia Giulia
TRE CROCI,S08308,Lazio
TREBASELEGHE,S02514,Veneto
TREBISACCE,S11808,Calabria
TRECATE,S00252,Lombardia
TRECELLA,S01706,Lombardia
TREMESTIERI,S12303,Sicilia
TRENTO,S02038,Trentino Alto Adige
TREPUZZI,S11143,Puglia
TREQUANDA,S06821,
TRESENDA-APRICA-TEGLIO,S01437,Lombardia
TRESIGALLO - CORREGGI,S05172,
TREVI,S07218,Umbria
TREVIGLIO,S01708,Lombardia
TREVIGLIO OVEST,S01601,Lombardia
TREVIGNANO SIGNORESSA,S02600,Veneto
TREVISO C.,S02712,Veneto
TREZZANO S.N.,S01065,Lombardia
TRICESIMO - SAN PELAGIO,S03023,
TRIESTE AQUILINIA,S03856,Friuli-Venezia Giulia
TRIESTE CENTRALE,S03317,Friuli-Venezia Giulia
TRIESTE SERVOLA,S03854,
TRIFLISCO,S09028,
TRINITAPOLI S.FERDIN. DI P.,S11106,Puglia
TRINITA` BENE VAGIENNA,S00950,Piemonte
TRINO VERCELLESE,S00176,Piemonte
TRIUGGIO-PONTE ALBIATE,S01485,Lombardia
TRIVIGNO,S11452,Basilicata
TROFARELLO,S00455,Piemonte
TROIA CASTELLUCCIO SAURI,S09322,Puglia
TROMELLO,S00275,Lombardia
TRONZANO,S00239,Piemonte
TROPEA,S11760,Calabria
TUFARA VALLE,S09013,
TUFO,S09512,Campania
TUORO SUL TRASIMENO,S07000,Umbria
TURBIGO,N00051,
TUSA,S12022,Sicilia
TUTTINGEN,S02901,
TUTURANO,S11140,Puglia
UDINE,S03026,Friuli-Venezia Giulia
UGOVIZZA VALBRUNA,S03006,Friuli-Venezia Giulia
URAS MOGORO,S12880,Sardegna
URBISAGLIA SFORZACOSTA,S07306,Marche
URURI ROTELLO,S09467,Molise
VENEZIA SANTA LUCIA,S02593,Veneto
VERONA PORTA NUOVA,S02430,Veneto
VITERBO PORTA FIORENTINA,S08304,Lazio
VADA,S06025,Toscana
VAGLIA,S06602,Toscana
VAGLIO BASILICATA,S11450,Basilicata
VAIANO,S05136,Toscana
VAIRANO,S09203,Campania
VALCESURA,S05177,
VALDAORA - ANTERSELVA,S02110,Trentino Alto Adige
VALDIBRANA,S05117,Toscana
VALENZA,S00041,Piemonte
VALLAZZA - CARBONARA PO,S05160,
VALLE AURELIA,S08329,Lazio
VALLE DI MADDALONI,S09304,Campania
VALLE DI MERCATO S.SEVERINO,S09705,Campania
VALLE LOMELLINA,S00037,Lombardia
VALLECROSIA,S04502,Liguria
VALLEDOLMO,S12231,Sicilia
VALLELUNGA,S12232,Sicilia
VALLO DELLA LUC. CASTELNUOVO,S11709,Campania
VALLORBE,S01103,
VALMADONNA,S00042,Piemonte
VALMADRERA,S01463,Lombardia
VALMONTONE,S08656,Lazio
VALPERGA,S00887,
VALTOPINA,S07214,Umbria
VANDOIES,S02103,Trentino Alto Adige
VANZAGHELLO - MAGNAGO,N00049,
VANZAGO POGLIANO,S01036,Lombardia
VAPRIO D`AGOGNA,S00022,Piemonte
VARALLO POMBIA,S00982,Piemonte
VARALLO SESIA,S00100,Piemonte
VARANO,S07500,Marche
VARAZZE,S04531,Liguria
VAREDO,S01084,
VARENNA ESINO,S01411,Lombardia
VARESE,S01205,Lombardia
VARESE CASBENO,N00025,
VARESE NORD,N00024,
VARIGNANA,S05052,Emilia Romagna
VASTO S.SALVO,S07824,Abruzzo
VASTOGIRARDI,S08913,Molise
VE ASSEGGIANO,S02513,Veneto
VEDANO,N00022,
VELLETRI,S08734,Lazio
VELLO,N00215,
VENAFRO,S09060,Molise
VENARIA,S00085,
VENEGONO INF.,N00020,
VENEGONO SUP. - CASTIGLIO,N00021,
VENETICO,S12047,Sicilia
VENEZIA CARPENEDO,S02672,Veneto
VENEZIA MARGHERA SCALO,S02515,
VENEZIA MARITTIMA,S02594,Veneto
VENEZIA MESTRE,S02589,Veneto
VENEZIA PORTO MARGHERA,S02592,Veneto
VENOSA - MASCHITO,S11302,Basilicata
VENTIMIGLIA,S04501,Liguria
VENZONE,S03018,Friuli-Venezia Giulia
VERBANIA-PALLANZA,S01013,Piemonte
VERCEIA,S01404,Lombardia
VERCELLI,S00245,Piemonte
VERCURAGO S.GIROLAMO,S01523,Lombardia
VERDELLO DALMINE,S01600,Lombardia
VERGATO,S05107,Emilia Romagna
VERGIATE,S01027,Lombardia
VERGNASCO,S00073,Piemonte
VERNANTE,S00616,Piemonte
VERNAZZA,S04733,Liguria
VERNIO MONTEPIANO CANTAGALLO,S05135,Toscana
VEROLANUOVA,S01903,Lombardia
VEROLENGO,S00170,Piemonte
VERONA CA` DI DAVID,S02061,Veneto
VERONA PARONA,S02058,
VERONA PORTA VESCOVO,S02433,Veneto
VERRES,S00145,Valle d'Aosta
VERZUOLO,S00701,Piemonte
VESPOLATE,S00031,Piemonte
VESPRI,S12135,Sicilia
VETRALLA,S08309,Lazio
VEZZANO LIGURE,S06171,Liguria
VIA CAMPANA,S09114,
VIA CHIARI,S06064,
VIADANA BRESCIANA,S01842,Lombardia
VIAREGGIO,S06040,Toscana
VIBO MARINA,S11754,Calabria
VIBO VALENZIA PIZZO,S11789,Calabria
VICARELLO,S06017,Toscana
VICCHIO,S06700,Toscana
VICENZA,S02446,Veneto
VICO MATRINO,S08310,Lazio
VICOFERTILE,S06150,Emilia Romagna
VICOFORTE SAN MICHELE,S00953,Piemonte
VICOVARO,S08511,Lazio
VIDALENGO,S01709,Lombardia
VIETRI SUL MARE,S09817,Campania
VIEVOLA,S00618,
VIGARANO PIEVE,S05166,
VIGEVANO,S01061,Lombardia
VIGLIANO CANDELO,S00977,Piemonte
VIGLIANO D`ABRUZZO,S07412,Abruzzo
VIGLIANO D`ASTI,S00802,Piemonte
VIGNA DI VALLE,S08316,Lazio
VIGNALE,S00021,Piemonte
VIGNALE RIOTORTO,S06032,Toscana
VIGNATE,S01704,Lombardia
VIGODARZERE,S02528,Veneto
VIGONE,S00542,Piemonte
VIGONZA PIANIGA,S02586,Veneto
VILLA BONELLI,S08399,Lazio
VILLA CADE`,S05022,Emilia Romagna
VILLA CASTELLI,S11608,Puglia
VILLA CLAUDIA,S08714,Lazio
VILLA DEL CONTE,S02523,Veneto
VILLA DI TIRANO,S01439,Lombardia
VILLA LITERNO,S09003,Campania
VILLA OPICINA,S03466,Friuli-Venezia Giulia
VILLA ORTENSIA,S09024,
VILLA RAVERIO,S01487,Lombardia
VILLA S.G.CANNITELLO,S11773,Calabria
VILLA S.MARIA,S07995,
VILLA SAN GIOVANNI,S11774,Calabria
VILLA SAN MICHELE,S08555,
VILLA SAN SEBASTIANO,S08523,Abruzzo
VILLABARTOLOMEA,S02367,Veneto
VILLABASSA - BRAIES,S02112,Trentino Alto Adige
VILLABATE,S12006,Sicilia
VILLADOSSOLA,S00001,Piemonte
VILLAFRANCA - BAGNONE,S06166,Toscana
VILLAFRANCA C.,S00459,Piemonte
VILLAFRANCA DI VERONA,S02331,Veneto
VILLAFRANCA P.,S00543,Piemonte
VILLAFRANCA TIRRENA,S12050,Sicilia
VILLALBA,S12233,Sicilia
VILLAMAGGIORE,S01802,Lombardia
VILLAMASSARGIA DOMUSNOVAS,S12952,Sardegna
VILLANOVA,S00458,Piemonte
VILLANOVA - GROSSO,S00092,
VILLANOVA DI REGGIOLO,S02345,Emilia Romagna
VILLANOVA D`ARDA,S01962,Emilia Romagna
VILLANOVA D`ARDENGHI,S00278,Lombardia
VILLAPIANA LIDO,S11809,Calabria
VILLAPIANA TORRE CERCHIARA,S11810,Calabria
VILLAROSA,S12237,Sicilia
VILLASANTA,S01481,Lombardia
VILLASOR,S12887,Sardegna
VILLASPECIOSA UTA,S12956,Sardegna
VILLASTELLONE,S00600,Piemonte
VILLAVERLA MONTECCHIO,S02145,Veneto
VILLAZZANO,S02300,Trentino Alto Adige
VILLENEUVE,S00135,Valle d'Aosta
VILLETTA,S08711,Lazio
VILLETTA MALAGNINO,S01916,Lombardia
VILLETTA S. ROMANO,S06322,Toscana
VILPIANO-NALLES,S02222,Trentino Alto Adige
VINCHIATURO,S09457,Molise
VIPITENO,S02006,Trentino Alto Adige
VISANO,S01844,Lombardia
VISONE,S04100,Piemonte
VITERBO PORTA ROMANA,S08306,Lazio
VITTORIA,S12410,Sicilia
VITTORIO VENETO,S02733,Veneto
VITTUONE ARLUNO,S01042,Lombardia
VITULANO FOGLIANISE,S09310,Campania
VITUSO,S12391,Sicilia
VIZZINI,S12273,Sicilia
VOGHERA,S01807,Lombardia
VOGOGNA OSSOLA,S01008,Piemonte
VOLPIANO,S00880,
VOLTANA,S05807,Emilia Romagna
VOLTERRA SALINE - POMARANCE,S06753,Toscana
VRBOVEC,S73110,
VRTOJBA,S03299,
X,S00000,
Y,S99999,
ZAGAROLO,S08652,Lazio
ZAMARDI,S03392,
ZAMBRA,S06425,Toscana
ZAMBRONE,S11758,Calabria
ZAPPULLA,S12029,Sicilia
ZERBINATE,S05163,
ZINASCO NUOVO,S00401,Lombardia
ZOAGLI,S04721,Liguria
ZURICH ALTSTETTEN,S03001,
